-- ============================================================
-- BHL OMS-TMS-WMS — DỮ LIỆU DEMO THỰC TẾ
-- Tạo sẵn đơn hàng, shipments, trips ở nhiều trạng thái
-- để demo cho khách hàng như hệ thống đã vận hành thật
-- ============================================================

-- Ngày hôm nay: 2026-03-14
-- Dữ liệu lịch sử: từ 07/03 → 13/03 (tuần trước)
-- Dữ liệu hôm nay: 14/03 (đang xử lý)
-- Dữ liệu ngày mai: 15/03 (đã lên kế hoạch + chờ lập kế hoạch)

-- ====================
-- ĐƠN HÀNG LỊCH SỬ (tuần trước - đã hoàn thành / đã giao)
-- ====================

-- ĐƠN #1: NPP Bãi Cháy - đã giao xong 10/03
INSERT INTO sales_orders (id, order_number, customer_id, warehouse_id, status, delivery_date, total_amount, deposit_amount, total_weight_kg, total_volume_m3, atp_status, credit_status, created_by, created_at, updated_at) VALUES
('11111111-1111-1111-1111-000000000001', 'SO-20260307-0001', 'd0000000-0000-0000-0000-000000000001', 'a0000000-0000-0000-0000-000000000001', 'delivered', '2026-03-10', 28750000, 750000, 680.0, 1.13, 'sufficient', 'within_limit', 'b0000000-0000-0000-0000-000000000003', '2026-03-07 08:30:00+07', '2026-03-10 16:45:00+07');
INSERT INTO order_items (id, order_id, product_id, quantity, unit_price, amount, deposit_amount) VALUES
('22222222-1111-1111-1111-000000000001', '11111111-1111-1111-1111-000000000001', 'c0000000-0000-0000-0000-000000000001', 100, 185000, 18500000, 500000),
('22222222-1111-1111-1111-000000000002', '11111111-1111-1111-1111-000000000001', 'c0000000-0000-0000-0000-000000000005', 40, 225000, 9000000, 200000),
('22222222-1111-1111-1111-000000000003', '11111111-1111-1111-1111-000000000001', 'c0000000-0000-0000-0000-000000000009', 10, 125000, 1250000, 50000);

-- ĐƠN #2: NPP Hòn Gai - đã giao xong 10/03
INSERT INTO sales_orders (id, order_number, customer_id, warehouse_id, status, delivery_date, total_amount, deposit_amount, total_weight_kg, total_volume_m3, atp_status, credit_status, created_by, created_at, updated_at) VALUES
('11111111-1111-1111-1111-000000000002', 'SO-20260307-0002', 'd0000000-0000-0000-0000-000000000002', 'a0000000-0000-0000-0000-000000000001', 'delivered', '2026-03-10', 45650000, 1650000, 1092.0, 2.06, 'sufficient', 'within_limit', 'b0000000-0000-0000-0000-000000000002', '2026-03-07 09:15:00+07', '2026-03-10 17:20:00+07');
INSERT INTO order_items (id, order_id, product_id, quantity, unit_price, amount, deposit_amount) VALUES
('22222222-1111-1111-1111-000000000004', '11111111-1111-1111-1111-000000000002', 'c0000000-0000-0000-0000-000000000001', 80, 185000, 14800000, 400000),
('22222222-1111-1111-1111-000000000005', '11111111-1111-1111-1111-000000000002', 'c0000000-0000-0000-0000-000000000002', 50, 245000, 12250000, 250000),
('22222222-1111-1111-1111-000000000006', '11111111-1111-1111-1111-000000000002', 'c0000000-0000-0000-0000-000000000003', 60, 195000, 11700000, 600000),
('22222222-1111-1111-1111-000000000007', '11111111-1111-1111-1111-000000000002', 'c0000000-0000-0000-0000-000000000008', 30, 205000, 6150000, 150000),
('22222222-1111-1111-1111-000000000008', '11111111-1111-1111-1111-000000000002', 'c0000000-0000-0000-0000-000000000010', 6, 125000, 750000, 50000);

-- ĐƠN #3: NPP Cẩm Phả - đã giao 11/03
INSERT INTO sales_orders (id, order_number, customer_id, warehouse_id, status, delivery_date, total_amount, deposit_amount, total_weight_kg, total_volume_m3, atp_status, credit_status, created_by, created_at, updated_at) VALUES
('11111111-1111-1111-1111-000000000003', 'SO-20260308-0001', 'd0000000-0000-0000-0000-000000000004', 'a0000000-0000-0000-0000-000000000001', 'delivered', '2026-03-11', 19600000, 810000, 469.0, 0.79, 'sufficient', 'within_limit', 'b0000000-0000-0000-0000-000000000003', '2026-03-08 10:00:00+07', '2026-03-11 15:30:00+07');
INSERT INTO order_items (id, order_id, product_id, quantity, unit_price, amount, deposit_amount) VALUES
('22222222-1111-1111-1111-000000000009', '11111111-1111-1111-1111-000000000003', 'c0000000-0000-0000-0000-000000000004', 50, 175000, 8750000, 500000),
('22222222-1111-1111-1111-000000000010', '11111111-1111-1111-1111-000000000003', 'c0000000-0000-0000-0000-000000000006', 30, 155000, 4650000, 150000),
('22222222-1111-1111-1111-000000000011', '11111111-1111-1111-1111-000000000003', 'c0000000-0000-0000-0000-000000000012', 20, 210000, 4200000, 100000),
('22222222-1111-1111-1111-000000000012', '11111111-1111-1111-1111-000000000003', 'c0000000-0000-0000-0000-000000000014', 20, 75000, 1500000, 0),
('22222222-1111-1111-1111-000000000060', '11111111-1111-1111-1111-000000000003', 'c0000000-0000-0000-0000-000000000009', 4, 125000, 500000, 60000);

-- ĐƠN #4: NPP Uông Bí - đã giao 11/03
INSERT INTO sales_orders (id, order_number, customer_id, warehouse_id, status, delivery_date, total_amount, deposit_amount, total_weight_kg, total_volume_m3, atp_status, credit_status, created_by, created_at, updated_at) VALUES
('11111111-1111-1111-1111-000000000004', 'SO-20260308-0002', 'd0000000-0000-0000-0000-000000000003', 'a0000000-0000-0000-0000-000000000001', 'delivered', '2026-03-11', 52325000, 2600000, 1267.0, 2.22, 'sufficient', 'approved', 'b0000000-0000-0000-0000-000000000003', '2026-03-08 11:00:00+07', '2026-03-11 16:00:00+07');
INSERT INTO order_items (id, order_id, product_id, quantity, unit_price, amount, deposit_amount) VALUES
('22222222-1111-1111-1111-000000000013', '11111111-1111-1111-1111-000000000004', 'c0000000-0000-0000-0000-000000000001', 150, 185000, 27750000, 750000),
('22222222-1111-1111-1111-000000000014', '11111111-1111-1111-1111-000000000004', 'c0000000-0000-0000-0000-000000000003', 80, 195000, 15600000, 1600000),
('22222222-1111-1111-1111-000000000015', '11111111-1111-1111-1111-000000000004', 'c0000000-0000-0000-0000-000000000005', 40, 225000, 9000000, 200000);

-- ĐƠN #5: NPP Đông Triều - đã giao 12/03
INSERT INTO sales_orders (id, order_number, customer_id, warehouse_id, status, delivery_date, total_amount, deposit_amount, total_weight_kg, total_volume_m3, atp_status, credit_status, created_by, created_at, updated_at) VALUES
('11111111-1111-1111-1111-000000000005', 'SO-20260309-0001', 'd0000000-0000-0000-0000-000000000006', 'a0000000-0000-0000-0000-000000000001', 'delivered', '2026-03-12', 13200000, 550000, 316.0, 0.54, 'sufficient', 'within_limit', 'b0000000-0000-0000-0000-000000000002', '2026-03-09 08:00:00+07', '2026-03-12 14:30:00+07');
INSERT INTO order_items (id, order_id, product_id, quantity, unit_price, amount, deposit_amount) VALUES
('22222222-1111-1111-1111-000000000016', '11111111-1111-1111-1111-000000000005', 'c0000000-0000-0000-0000-000000000002', 30, 245000, 7350000, 150000),
('22222222-1111-1111-1111-000000000017', '11111111-1111-1111-1111-000000000005', 'c0000000-0000-0000-0000-000000000008', 20, 205000, 4100000, 100000),
('22222222-1111-1111-1111-000000000018', '11111111-1111-1111-1111-000000000005', 'c0000000-0000-0000-0000-000000000014', 20, 75000, 1500000, 0),
('22222222-1111-1111-1111-000000000019', '11111111-1111-1111-1111-000000000005', 'c0000000-0000-0000-0000-000000000011', 5, 48000, 240000, 0),
('22222222-1111-1111-1111-000000000055', '11111111-1111-1111-1111-000000000005', 'c0000000-0000-0000-0000-000000000010', 1, 125000, 125000, 0);

-- ĐƠN #6: NPP Quảng Yên - đã giao 12/03
INSERT INTO sales_orders (id, order_number, customer_id, warehouse_id, status, delivery_date, total_amount, deposit_amount, total_weight_kg, total_volume_m3, atp_status, credit_status, created_by, created_at, updated_at) VALUES
('11111111-1111-1111-1111-000000000006', 'SO-20260309-0002', 'd0000000-0000-0000-0000-000000000007', 'a0000000-0000-0000-0000-000000000001', 'delivered', '2026-03-12', 16875000, 825000, 438.0, 0.70, 'sufficient', 'within_limit', 'b0000000-0000-0000-0000-000000000003', '2026-03-09 09:00:00+07', '2026-03-12 15:00:00+07');
INSERT INTO order_items (id, order_id, product_id, quantity, unit_price, amount, deposit_amount) VALUES
('22222222-1111-1111-1111-000000000020', '11111111-1111-1111-1111-000000000006', 'c0000000-0000-0000-0000-000000000001', 50, 185000, 9250000, 250000),
('22222222-1111-1111-1111-000000000021', '11111111-1111-1111-1111-000000000006', 'c0000000-0000-0000-0000-000000000003', 25, 195000, 4875000, 500000),
('22222222-1111-1111-1111-000000000022', '11111111-1111-1111-1111-000000000006', 'c0000000-0000-0000-0000-000000000006', 15, 155000, 2325000, 75000),
('22222222-1111-1111-1111-000000000056', '11111111-1111-1111-1111-000000000006', 'c0000000-0000-0000-0000-000000000009', 2, 125000, 250000, 0),
('22222222-1111-1111-1111-000000000057', '11111111-1111-1111-1111-000000000006', 'c0000000-0000-0000-0000-000000000010', 1, 125000, 175000, 0);

-- ĐƠN #7: NPP Hạ Long Center - đã hủy (vượt hạn mức, không duyệt)
INSERT INTO sales_orders (id, order_number, customer_id, warehouse_id, status, delivery_date, total_amount, deposit_amount, total_weight_kg, total_volume_m3, atp_status, credit_status, notes, created_by, created_at, updated_at) VALUES
('11111111-1111-1111-1111-000000000007', 'SO-20260310-0001', 'd0000000-0000-0000-0000-000000000013', 'a0000000-0000-0000-0000-000000000001', 'cancelled', '2026-03-12', 187500000, 5000000, 4250.0, 7.50, 'sufficient', 'exceeded', 'Vượt hạn mức công nợ quá cao, không duyệt', 'b0000000-0000-0000-0000-000000000003', '2026-03-10 08:00:00+07', '2026-03-10 14:00:00+07');
INSERT INTO order_items (id, order_id, product_id, quantity, unit_price, amount, deposit_amount) VALUES
('22222222-1111-1111-1111-000000000023', '11111111-1111-1111-1111-000000000007', 'c0000000-0000-0000-0000-000000000001', 500, 185000, 92500000, 2500000),
('22222222-1111-1111-1111-000000000024', '11111111-1111-1111-1111-000000000007', 'c0000000-0000-0000-0000-000000000002', 300, 245000, 73500000, 1500000),
('22222222-1111-1111-1111-000000000025', '11111111-1111-1111-1111-000000000007', 'c0000000-0000-0000-0000-000000000007', 10, 650000, 6500000, 500000),
('22222222-1111-1111-1111-000000000026', '11111111-1111-1111-1111-000000000007', 'c0000000-0000-0000-0000-000000000015', 60, 235000, 14100000, 300000),
('22222222-1111-1111-1111-000000000063', '11111111-1111-1111-1111-000000000007', 'c0000000-0000-0000-0000-000000000010', 7, 125000, 900000, 200000);

-- ====================
-- SHIPMENTS LỊCH SỬ (đã giao, cho các đơn ở trên)
-- ====================
INSERT INTO shipments (id, shipment_number, order_id, customer_id, warehouse_id, status, delivery_date, total_weight_kg, total_volume_m3, items) VALUES
('33333333-1111-1111-1111-000000000001', 'SH-20260307-0001', '11111111-1111-1111-1111-000000000001', 'd0000000-0000-0000-0000-000000000001', 'a0000000-0000-0000-0000-000000000001', 'delivered', '2026-03-10', 680.0, 1.13, '[{"product_id":"c0000000-0000-0000-0000-000000000001","qty":100},{"product_id":"c0000000-0000-0000-0000-000000000005","qty":40},{"product_id":"c0000000-0000-0000-0000-000000000009","qty":10}]'),
('33333333-1111-1111-1111-000000000002', 'SH-20260307-0002', '11111111-1111-1111-1111-000000000002', 'd0000000-0000-0000-0000-000000000002', 'a0000000-0000-0000-0000-000000000001', 'delivered', '2026-03-10', 1092.0, 2.06, '[{"product_id":"c0000000-0000-0000-0000-000000000001","qty":80},{"product_id":"c0000000-0000-0000-0000-000000000002","qty":50},{"product_id":"c0000000-0000-0000-0000-000000000003","qty":60}]'),
('33333333-1111-1111-1111-000000000003', 'SH-20260308-0001', '11111111-1111-1111-1111-000000000003', 'd0000000-0000-0000-0000-000000000004', 'a0000000-0000-0000-0000-000000000001', 'delivered', '2026-03-11', 469.0, 0.79, '[{"product_id":"c0000000-0000-0000-0000-000000000004","qty":50},{"product_id":"c0000000-0000-0000-0000-000000000006","qty":30}]'),
('33333333-1111-1111-1111-000000000004', 'SH-20260308-0002', '11111111-1111-1111-1111-000000000004', 'd0000000-0000-0000-0000-000000000003', 'a0000000-0000-0000-0000-000000000001', 'delivered', '2026-03-11', 1267.0, 2.22, '[{"product_id":"c0000000-0000-0000-0000-000000000001","qty":150},{"product_id":"c0000000-0000-0000-0000-000000000003","qty":80}]'),
('33333333-1111-1111-1111-000000000005', 'SH-20260309-0001', '11111111-1111-1111-1111-000000000005', 'd0000000-0000-0000-0000-000000000006', 'a0000000-0000-0000-0000-000000000001', 'delivered', '2026-03-12', 316.0, 0.54, '[{"product_id":"c0000000-0000-0000-0000-000000000002","qty":30},{"product_id":"c0000000-0000-0000-0000-000000000008","qty":20}]'),
('33333333-1111-1111-1111-000000000006', 'SH-20260309-0002', '11111111-1111-1111-1111-000000000006', 'd0000000-0000-0000-0000-000000000007', 'a0000000-0000-0000-0000-000000000001', 'delivered', '2026-03-12', 438.0, 0.70, '[{"product_id":"c0000000-0000-0000-0000-000000000001","qty":50},{"product_id":"c0000000-0000-0000-0000-000000000003","qty":25}]');

-- ====================
-- TRIPS LỊCH SỬ (đã hoàn thành)
-- ====================

-- Trip 10/03: Tuyến Hạ Long (NPP Bãi Cháy + Hòn Gai)
INSERT INTO trips (id, trip_number, warehouse_id, vehicle_id, driver_id, status, planned_date, total_stops, total_weight_kg, total_distance_km, total_duration_min, started_at, completed_at, created_at, updated_at) VALUES
('44444444-1111-1111-1111-000000000001', 'TR-20260310-001', 'a0000000-0000-0000-0000-000000000001', 'e0000000-0000-0000-0000-000000000003', 'f0000000-0000-0000-0000-000000000001', 'completed', '2026-03-10', 2, 1772.0, 18.5, 55, '2026-03-10 07:30:00+07', '2026-03-10 16:45:00+07', '2026-03-09 17:00:00+07', '2026-03-10 16:45:00+07');
INSERT INTO trip_stops (id, trip_id, shipment_id, customer_id, stop_order, status, estimated_arrival, actual_arrival, actual_departure, distance_from_prev_km, cumulative_load_kg) VALUES
('55555555-1111-1111-1111-000000000001', '44444444-1111-1111-1111-000000000001', '33333333-1111-1111-1111-000000000001', 'd0000000-0000-0000-0000-000000000001', 1, 'delivered', '2026-03-10 08:30:00+07', '2026-03-10 08:25:00+07', '2026-03-10 09:15:00+07', 5.2, 680.0),
('55555555-1111-1111-1111-000000000002', '44444444-1111-1111-1111-000000000001', '33333333-1111-1111-1111-000000000002', 'd0000000-0000-0000-0000-000000000002', 2, 'delivered', '2026-03-10 09:45:00+07', '2026-03-10 09:50:00+07', '2026-03-10 10:40:00+07', 13.3, 1772.0);

-- Trip 11/03: Tuyến Uông Bí – Cẩm Phả
INSERT INTO trips (id, trip_number, warehouse_id, vehicle_id, driver_id, status, planned_date, total_stops, total_weight_kg, total_distance_km, total_duration_min, started_at, completed_at, created_at, updated_at) VALUES
('44444444-1111-1111-1111-000000000002', 'TR-20260311-001', 'a0000000-0000-0000-0000-000000000001', 'e0000000-0000-0000-0000-000000000005', 'f0000000-0000-0000-0000-000000000003', 'completed', '2026-03-11', 2, 1736.0, 85.6, 140, '2026-03-11 06:30:00+07', '2026-03-11 16:00:00+07', '2026-03-10 17:00:00+07', '2026-03-11 16:00:00+07');
INSERT INTO trip_stops (id, trip_id, shipment_id, customer_id, stop_order, status, estimated_arrival, actual_arrival, actual_departure, distance_from_prev_km, cumulative_load_kg) VALUES
('55555555-1111-1111-1111-000000000003', '44444444-1111-1111-1111-000000000002', '33333333-1111-1111-1111-000000000004', 'd0000000-0000-0000-0000-000000000003', 1, 'delivered', '2026-03-11 08:00:00+07', '2026-03-11 08:10:00+07', '2026-03-11 09:30:00+07', 32.5, 1267.0),
('55555555-1111-1111-1111-000000000004', '44444444-1111-1111-1111-000000000002', '33333333-1111-1111-1111-000000000003', 'd0000000-0000-0000-0000-000000000004', 2, 'delivered', '2026-03-11 11:00:00+07', '2026-03-11 11:20:00+07', '2026-03-11 12:30:00+07', 53.1, 1736.0);

-- Trip 12/03: Tuyến Đông Triều – Quảng Yên
INSERT INTO trips (id, trip_number, warehouse_id, vehicle_id, driver_id, status, planned_date, total_stops, total_weight_kg, total_distance_km, total_duration_min, started_at, completed_at, created_at, updated_at) VALUES
('44444444-1111-1111-1111-000000000003', 'TR-20260312-001', 'a0000000-0000-0000-0000-000000000001', 'e0000000-0000-0000-0000-000000000001', 'f0000000-0000-0000-0000-000000000002', 'completed', '2026-03-12', 2, 754.0, 45.2, 90, '2026-03-12 07:00:00+07', '2026-03-12 15:00:00+07', '2026-03-11 17:00:00+07', '2026-03-12 15:00:00+07');
INSERT INTO trip_stops (id, trip_id, shipment_id, customer_id, stop_order, status, estimated_arrival, actual_arrival, actual_departure, distance_from_prev_km, cumulative_load_kg) VALUES
('55555555-1111-1111-1111-000000000005', '44444444-1111-1111-1111-000000000003', '33333333-1111-1111-1111-000000000005', 'd0000000-0000-0000-0000-000000000006', 1, 'delivered', '2026-03-12 08:30:00+07', '2026-03-12 08:40:00+07', '2026-03-12 09:45:00+07', 28.0, 316.0),
('55555555-1111-1111-1111-000000000006', '44444444-1111-1111-1111-000000000003', '33333333-1111-1111-1111-000000000006', 'd0000000-0000-0000-0000-000000000007', 2, 'delivered', '2026-03-12 10:30:00+07', '2026-03-12 10:25:00+07', '2026-03-12 11:30:00+07', 17.2, 754.0);

-- ====================
-- ĐƠN HÀNG HÔM NAY 14/03 — ĐANG XỬ LÝ (Ready to ship + In transit)
-- ====================

-- ĐƠN #8: NPP Bãi Cháy - đơn lớn đã confirmed, shipment đang giao
INSERT INTO sales_orders (id, order_number, customer_id, warehouse_id, status, delivery_date, total_amount, deposit_amount, total_weight_kg, total_volume_m3, atp_status, credit_status, created_by, created_at, updated_at) VALUES
('11111111-1111-1111-1111-000000000008', 'SO-20260312-0001', 'd0000000-0000-0000-0000-000000000001', 'a0000000-0000-0000-0000-000000000001', 'shipped', '2026-03-14', 36750000, 1200000, 870.0, 1.43, 'sufficient', 'within_limit', 'b0000000-0000-0000-0000-000000000003', '2026-03-12 14:30:00+07', '2026-03-14 07:30:00+07');
INSERT INTO order_items (id, order_id, product_id, quantity, unit_price, amount, deposit_amount) VALUES
('22222222-1111-1111-1111-000000000027', '11111111-1111-1111-1111-000000000008', 'c0000000-0000-0000-0000-000000000001', 120, 185000, 22200000, 600000),
('22222222-1111-1111-1111-000000000028', '11111111-1111-1111-1111-000000000008', 'c0000000-0000-0000-0000-000000000005', 50, 225000, 11250000, 250000),
('22222222-1111-1111-1111-000000000029', '11111111-1111-1111-1111-000000000008', 'c0000000-0000-0000-0000-000000000009', 20, 125000, 2500000, 100000),
('22222222-1111-1111-1111-000000000058', '11111111-1111-1111-1111-000000000008', 'c0000000-0000-0000-0000-000000000014', 10, 75000, 750000, 0),
('22222222-1111-1111-1111-000000000059', '11111111-1111-1111-1111-000000000008', 'c0000000-0000-0000-0000-000000000011', 1, 48000, 48000, 250000);

-- ĐƠN #9: NPP Hòn Gai - đang giao hôm nay
INSERT INTO sales_orders (id, order_number, customer_id, warehouse_id, status, delivery_date, total_amount, deposit_amount, total_weight_kg, total_volume_m3, atp_status, credit_status, created_by, created_at, updated_at) VALUES
('11111111-1111-1111-1111-000000000009', 'SO-20260312-0002', 'd0000000-0000-0000-0000-000000000002', 'a0000000-0000-0000-0000-000000000001', 'shipped', '2026-03-14', 28650000, 1050000, 694.0, 1.19, 'sufficient', 'within_limit', 'b0000000-0000-0000-0000-000000000002', '2026-03-12 15:00:00+07', '2026-03-14 07:30:00+07');
INSERT INTO order_items (id, order_id, product_id, quantity, unit_price, amount, deposit_amount) VALUES
('22222222-1111-1111-1111-000000000030', '11111111-1111-1111-1111-000000000009', 'c0000000-0000-0000-0000-000000000002', 40, 245000, 9800000, 200000),
('22222222-1111-1111-1111-000000000031', '11111111-1111-1111-1111-000000000009', 'c0000000-0000-0000-0000-000000000003', 50, 195000, 9750000, 500000),
('22222222-1111-1111-1111-000000000032', '11111111-1111-1111-1111-000000000009', 'c0000000-0000-0000-0000-000000000008', 30, 205000, 6150000, 150000),
('22222222-1111-1111-1111-000000000033', '11111111-1111-1111-1111-000000000009', 'c0000000-0000-0000-0000-000000000015', 10, 235000, 2350000, 50000),
('22222222-1111-1111-1111-000000000061', '11111111-1111-1111-1111-000000000009', 'c0000000-0000-0000-0000-000000000010', 5, 125000, 600000, 150000);

-- ĐƠN #10: NPP Hạ Long Center - đang giao hôm nay
INSERT INTO sales_orders (id, order_number, customer_id, warehouse_id, status, delivery_date, total_amount, deposit_amount, total_weight_kg, total_volume_m3, atp_status, credit_status, created_by, created_at, updated_at) VALUES
('11111111-1111-1111-1111-000000000010', 'SO-20260312-0003', 'd0000000-0000-0000-0000-000000000013', 'a0000000-0000-0000-0000-000000000001', 'shipped', '2026-03-14', 62850000, 2200000, 1530.0, 2.55, 'sufficient', 'within_limit', 'b0000000-0000-0000-0000-000000000003', '2026-03-12 16:00:00+07', '2026-03-14 07:30:00+07');
INSERT INTO order_items (id, order_id, product_id, quantity, unit_price, amount, deposit_amount) VALUES
('22222222-1111-1111-1111-000000000034', '11111111-1111-1111-1111-000000000010', 'c0000000-0000-0000-0000-000000000001', 200, 185000, 37000000, 1000000),
('22222222-1111-1111-1111-000000000035', '11111111-1111-1111-1111-000000000010', 'c0000000-0000-0000-0000-000000000005', 80, 225000, 18000000, 400000),
('22222222-1111-1111-1111-000000000036', '11111111-1111-1111-1111-000000000010', 'c0000000-0000-0000-0000-000000000007', 5, 650000, 3250000, 500000),
('22222222-1111-1111-1111-000000000037', '11111111-1111-1111-1111-000000000010', 'c0000000-0000-0000-0000-000000000013', 20, 265000, 5300000, 300000);

-- Shipments cho đơn hôm nay (đang in_transit)
INSERT INTO shipments (id, shipment_number, order_id, customer_id, warehouse_id, status, delivery_date, total_weight_kg, total_volume_m3, items) VALUES
('33333333-1111-1111-1111-000000000007', 'SH-20260312-0001', '11111111-1111-1111-1111-000000000008', 'd0000000-0000-0000-0000-000000000001', 'a0000000-0000-0000-0000-000000000001', 'in_transit', '2026-03-14', 870.0, 1.43, '[{"product_id":"c0000000-0000-0000-0000-000000000001","qty":120},{"product_id":"c0000000-0000-0000-0000-000000000005","qty":50}]'),
('33333333-1111-1111-1111-000000000008', 'SH-20260312-0002', '11111111-1111-1111-1111-000000000009', 'd0000000-0000-0000-0000-000000000002', 'a0000000-0000-0000-0000-000000000001', 'in_transit', '2026-03-14', 694.0, 1.19, '[{"product_id":"c0000000-0000-0000-0000-000000000002","qty":40},{"product_id":"c0000000-0000-0000-0000-000000000003","qty":50}]'),
('33333333-1111-1111-1111-000000000009', 'SH-20260312-0003', '11111111-1111-1111-1111-000000000010', 'd0000000-0000-0000-0000-000000000013', 'a0000000-0000-0000-0000-000000000001', 'in_transit', '2026-03-14', 1530.0, 2.55, '[{"product_id":"c0000000-0000-0000-0000-000000000001","qty":200},{"product_id":"c0000000-0000-0000-0000-000000000005","qty":80}]');

-- Trip hôm nay (đang giao)
INSERT INTO trips (id, trip_number, warehouse_id, vehicle_id, driver_id, status, planned_date, total_stops, total_weight_kg, total_distance_km, total_duration_min, started_at, created_at, updated_at) VALUES
('44444444-1111-1111-1111-000000000004', 'TR-20260314-001', 'a0000000-0000-0000-0000-000000000001', 'e0000000-0000-0000-0000-000000000005', 'f0000000-0000-0000-0000-000000000001', 'in_transit', '2026-03-14', 3, 3094.0, 22.5, 75, '2026-03-14 07:30:00+07', '2026-03-13 17:00:00+07', '2026-03-14 07:30:00+07');
INSERT INTO trip_stops (id, trip_id, shipment_id, customer_id, stop_order, status, estimated_arrival, actual_arrival, actual_departure, distance_from_prev_km, cumulative_load_kg) VALUES
('55555555-1111-1111-1111-000000000007', '44444444-1111-1111-1111-000000000004', '33333333-1111-1111-1111-000000000007', 'd0000000-0000-0000-0000-000000000001', 1, 'delivered', '2026-03-14 08:15:00+07', '2026-03-14 08:10:00+07', '2026-03-14 09:00:00+07', 5.2, 870.0),
('55555555-1111-1111-1111-000000000008', '44444444-1111-1111-1111-000000000004', '33333333-1111-1111-1111-000000000008', 'd0000000-0000-0000-0000-000000000002', 2, 'pending', '2026-03-14 09:30:00+07', NULL, NULL, 4.5, 1564.0),
('55555555-1111-1111-1111-000000000009', '44444444-1111-1111-1111-000000000004', '33333333-1111-1111-1111-000000000009', 'd0000000-0000-0000-0000-000000000013', 3, 'pending', '2026-03-14 10:30:00+07', NULL, NULL, 12.8, 3094.0);

-- ====================
-- ĐƠN HÀNG NGÀY MAI 15/03 — ĐÃ CONFIRMED + CHỜ LẬP KẾ HOẠCH
-- ====================

-- ĐƠN #11: NPP Cẩm Phả - confirmed
INSERT INTO sales_orders (id, order_number, customer_id, warehouse_id, status, delivery_date, total_amount, deposit_amount, total_weight_kg, total_volume_m3, atp_status, credit_status, created_by, created_at, updated_at) VALUES
('11111111-1111-1111-1111-000000000011', 'SO-20260313-0001', 'd0000000-0000-0000-0000-000000000004', 'a0000000-0000-0000-0000-000000000001', 'confirmed', '2026-03-15', 33250000, 1400000, 819.0, 1.38, 'sufficient', 'within_limit', 'b0000000-0000-0000-0000-000000000003', '2026-03-13 08:30:00+07', '2026-03-13 08:30:00+07');
INSERT INTO order_items (id, order_id, product_id, quantity, unit_price, amount, deposit_amount) VALUES
('22222222-1111-1111-1111-000000000038', '11111111-1111-1111-1111-000000000011', 'c0000000-0000-0000-0000-000000000001', 80, 185000, 14800000, 400000),
('22222222-1111-1111-1111-000000000039', '11111111-1111-1111-1111-000000000011', 'c0000000-0000-0000-0000-000000000004', 40, 175000, 7000000, 400000),
('22222222-1111-1111-1111-000000000040', '11111111-1111-1111-1111-000000000011', 'c0000000-0000-0000-0000-000000000005', 30, 225000, 6750000, 150000),
('22222222-1111-1111-1111-000000000041', '11111111-1111-1111-1111-000000000011', 'c0000000-0000-0000-0000-000000000012', 20, 210000, 4200000, 100000),
('22222222-1111-1111-1111-000000000062', '11111111-1111-1111-1111-000000000011', 'c0000000-0000-0000-0000-000000000010', 4, 125000, 500000, 350000);

-- ĐƠN #12: NPP Vân Đồn - confirmed
INSERT INTO sales_orders (id, order_number, customer_id, warehouse_id, status, delivery_date, total_amount, deposit_amount, total_weight_kg, total_volume_m3, atp_status, credit_status, created_by, created_at, updated_at) VALUES
('11111111-1111-1111-1111-000000000012', 'SO-20260313-0002', 'd0000000-0000-0000-0000-000000000011', 'a0000000-0000-0000-0000-000000000001', 'confirmed', '2026-03-15', 14750000, 650000, 356.0, 0.60, 'sufficient', 'within_limit', 'b0000000-0000-0000-0000-000000000002', '2026-03-13 09:00:00+07', '2026-03-13 09:00:00+07');
INSERT INTO order_items (id, order_id, product_id, quantity, unit_price, amount, deposit_amount) VALUES
('22222222-1111-1111-1111-000000000042', '11111111-1111-1111-1111-000000000012', 'c0000000-0000-0000-0000-000000000001', 50, 185000, 9250000, 250000),
('22222222-1111-1111-1111-000000000043', '11111111-1111-1111-1111-000000000012', 'c0000000-0000-0000-0000-000000000008', 20, 205000, 4100000, 100000),
('22222222-1111-1111-1111-000000000044', '11111111-1111-1111-1111-000000000012', 'c0000000-0000-0000-0000-000000000009', 10, 125000, 1250000, 50000),
('22222222-1111-1111-1111-000000000064', '11111111-1111-1111-1111-000000000012', 'c0000000-0000-0000-0000-000000000014', 2, 75000, 150000, 250000);

-- ĐƠN #13: NPP Móng Cái - confirmed
INSERT INTO sales_orders (id, order_number, customer_id, warehouse_id, status, delivery_date, total_amount, deposit_amount, total_weight_kg, total_volume_m3, atp_status, credit_status, created_by, created_at, updated_at) VALUES
('11111111-1111-1111-1111-000000000013', 'SO-20260313-0003', 'd0000000-0000-0000-0000-000000000005', 'a0000000-0000-0000-0000-000000000001', 'confirmed', '2026-03-15', 41700000, 1750000, 1040.0, 1.73, 'sufficient', 'within_limit', 'b0000000-0000-0000-0000-000000000003', '2026-03-13 10:30:00+07', '2026-03-13 10:30:00+07');
INSERT INTO order_items (id, order_id, product_id, quantity, unit_price, amount, deposit_amount) VALUES
('22222222-1111-1111-1111-000000000045', '11111111-1111-1111-1111-000000000013', 'c0000000-0000-0000-0000-000000000001', 100, 185000, 18500000, 500000),
('22222222-1111-1111-1111-000000000046', '11111111-1111-1111-1111-000000000013', 'c0000000-0000-0000-0000-000000000002', 50, 245000, 12250000, 250000),
('22222222-1111-1111-1111-000000000047', '11111111-1111-1111-1111-000000000013', 'c0000000-0000-0000-0000-000000000005', 20, 225000, 4500000, 100000),
('22222222-1111-1111-1111-000000000048', '11111111-1111-1111-1111-000000000013', 'c0000000-0000-0000-0000-000000000007', 5, 650000, 3250000, 500000),
('22222222-1111-1111-1111-000000000065', '11111111-1111-1111-1111-000000000013', 'c0000000-0000-0000-0000-000000000008', 15, 205000, 3075000, 300000),
('22222222-1111-1111-1111-000000000066', '11111111-1111-1111-1111-000000000013', 'c0000000-0000-0000-0000-000000000009', 1, 125000, 125000, 100000);

-- ĐƠN #14: NPP Tiên Yên - confirmed
INSERT INTO sales_orders (id, order_number, customer_id, warehouse_id, status, delivery_date, total_amount, deposit_amount, total_weight_kg, total_volume_m3, atp_status, credit_status, created_by, created_at, updated_at) VALUES
('11111111-1111-1111-1111-000000000014', 'SO-20260313-0004', 'd0000000-0000-0000-0000-000000000012', 'a0000000-0000-0000-0000-000000000001', 'confirmed', '2026-03-15', 18400000, 1100000, 453.0, 0.76, 'sufficient', 'within_limit', 'b0000000-0000-0000-0000-000000000002', '2026-03-13 11:00:00+07', '2026-03-13 11:00:00+07');
INSERT INTO order_items (id, order_id, product_id, quantity, unit_price, amount, deposit_amount) VALUES
('22222222-1111-1111-1111-000000000049', '11111111-1111-1111-1111-000000000014', 'c0000000-0000-0000-0000-000000000003', 40, 195000, 7800000, 800000),
('22222222-1111-1111-1111-000000000050', '11111111-1111-1111-1111-000000000014', 'c0000000-0000-0000-0000-000000000004', 30, 175000, 5250000, 300000),
('22222222-1111-1111-1111-000000000051', '11111111-1111-1111-1111-000000000014', 'c0000000-0000-0000-0000-000000000006', 20, 155000, 3100000, 0),
('22222222-1111-1111-1111-000000000067', '11111111-1111-1111-1111-000000000014', 'c0000000-0000-0000-0000-000000000014', 30, 75000, 2250000, 0);

-- ĐƠN #15: NPP Bãi Cháy - lặp lại đặt hàng cho 15/03 (thường xuyên)
INSERT INTO sales_orders (id, order_number, customer_id, warehouse_id, status, delivery_date, total_amount, deposit_amount, total_weight_kg, total_volume_m3, atp_status, credit_status, created_by, created_at, updated_at) VALUES
('11111111-1111-1111-1111-000000000015', 'SO-20260313-0005', 'd0000000-0000-0000-0000-000000000001', 'a0000000-0000-0000-0000-000000000001', 'confirmed', '2026-03-15', 21950000, 650000, 505.0, 0.84, 'sufficient', 'within_limit', 'b0000000-0000-0000-0000-000000000003', '2026-03-13 14:00:00+07', '2026-03-13 14:00:00+07');
INSERT INTO order_items (id, order_id, product_id, quantity, unit_price, amount, deposit_amount) VALUES
('22222222-1111-1111-1111-000000000052', '11111111-1111-1111-1111-000000000015', 'c0000000-0000-0000-0000-000000000001', 60, 185000, 11100000, 300000),
('22222222-1111-1111-1111-000000000053', '11111111-1111-1111-1111-000000000015', 'c0000000-0000-0000-0000-000000000005', 30, 225000, 6750000, 150000),
('22222222-1111-1111-1111-000000000054', '11111111-1111-1111-1111-000000000015', 'c0000000-0000-0000-0000-000000000003', 20, 195000, 3900000, 200000),
('22222222-1111-1111-1111-000000000068', '11111111-1111-1111-1111-000000000015', 'c0000000-0000-0000-0000-000000000011', 1, 48000, 200000, 0);

-- ĐƠN #16: NPP Hòn Gai - ordered cho 15/03
INSERT INTO sales_orders (id, order_number, customer_id, warehouse_id, status, delivery_date, total_amount, deposit_amount, total_weight_kg, total_volume_m3, atp_status, credit_status, created_by, created_at, updated_at) VALUES
('11111111-1111-1111-1111-000000000016', 'SO-20260314-0001', 'd0000000-0000-0000-0000-000000000002', 'a0000000-0000-0000-0000-000000000001', 'confirmed', '2026-03-15', 25550000, 950000, 614.0, 1.04, 'sufficient', 'within_limit', 'b0000000-0000-0000-0000-000000000003', '2026-03-14 08:00:00+07', '2026-03-14 08:00:00+07');
INSERT INTO order_items (id, order_id, product_id, quantity, unit_price, amount, deposit_amount) VALUES
('22222222-1111-1111-1111-000000000069', '11111111-1111-1111-1111-000000000016', 'c0000000-0000-0000-0000-000000000001', 70, 185000, 12950000, 350000),
('22222222-1111-1111-1111-000000000070', '11111111-1111-1111-1111-000000000016', 'c0000000-0000-0000-0000-000000000002', 30, 245000, 7350000, 150000),
('22222222-1111-1111-1111-000000000071', '11111111-1111-1111-1111-000000000016', 'c0000000-0000-0000-0000-000000000008', 20, 205000, 4100000, 100000),
('22222222-1111-1111-1111-000000000072', '11111111-1111-1111-1111-000000000016', 'c0000000-0000-0000-0000-000000000010', 8, 125000, 1000000, 100000),
('22222222-1111-1111-1111-000000000073', '11111111-1111-1111-1111-000000000016', 'c0000000-0000-0000-0000-000000000014', 2, 75000, 150000, 250000);

-- Shipments cho đơn 15/03 (pending = chờ VRP lập kế hoạch)
INSERT INTO shipments (id, shipment_number, order_id, customer_id, warehouse_id, status, delivery_date, total_weight_kg, total_volume_m3, items) VALUES
('33333333-1111-1111-1111-000000000010', 'SH-20260313-0001', '11111111-1111-1111-1111-000000000011', 'd0000000-0000-0000-0000-000000000004', 'a0000000-0000-0000-0000-000000000001', 'pending', '2026-03-15', 819.0, 1.38, '[{"product_id":"c0000000-0000-0000-0000-000000000001","qty":80},{"product_id":"c0000000-0000-0000-0000-000000000004","qty":40},{"product_id":"c0000000-0000-0000-0000-000000000005","qty":30}]'),
('33333333-1111-1111-1111-000000000011', 'SH-20260313-0002', '11111111-1111-1111-1111-000000000012', 'd0000000-0000-0000-0000-000000000011', 'a0000000-0000-0000-0000-000000000001', 'pending', '2026-03-15', 356.0, 0.60, '[{"product_id":"c0000000-0000-0000-0000-000000000001","qty":50},{"product_id":"c0000000-0000-0000-0000-000000000008","qty":20}]'),
('33333333-1111-1111-1111-000000000012', 'SH-20260313-0003', '11111111-1111-1111-1111-000000000013', 'd0000000-0000-0000-0000-000000000005', 'a0000000-0000-0000-0000-000000000001', 'pending', '2026-03-15', 1040.0, 1.73, '[{"product_id":"c0000000-0000-0000-0000-000000000001","qty":100},{"product_id":"c0000000-0000-0000-0000-000000000002","qty":50},{"product_id":"c0000000-0000-0000-0000-000000000005","qty":20}]'),
('33333333-1111-1111-1111-000000000013', 'SH-20260313-0004', '11111111-1111-1111-1111-000000000014', 'd0000000-0000-0000-0000-000000000012', 'a0000000-0000-0000-0000-000000000001', 'pending', '2026-03-15', 453.0, 0.76, '[{"product_id":"c0000000-0000-0000-0000-000000000003","qty":40},{"product_id":"c0000000-0000-0000-0000-000000000004","qty":30}]'),
('33333333-1111-1111-1111-000000000014', 'SH-20260313-0005', '11111111-1111-1111-1111-000000000015', 'd0000000-0000-0000-0000-000000000001', 'a0000000-0000-0000-0000-000000000001', 'pending', '2026-03-15', 505.0, 0.84, '[{"product_id":"c0000000-0000-0000-0000-000000000001","qty":60},{"product_id":"c0000000-0000-0000-0000-000000000005","qty":30}]'),
('33333333-1111-1111-1111-000000000015', 'SH-20260314-0001', '11111111-1111-1111-1111-000000000016', 'd0000000-0000-0000-0000-000000000002', 'a0000000-0000-0000-0000-000000000001', 'pending', '2026-03-15', 614.0, 1.04, '[{"product_id":"c0000000-0000-0000-0000-000000000001","qty":70},{"product_id":"c0000000-0000-0000-0000-000000000002","qty":30}]');

-- ====================
-- ĐƠN HÀNG PENDING APPROVAL (chờ kế toán duyệt)
-- ====================

-- ĐƠN #17: NPP Uông Bí - vượt hạn mức 500tr (đang nợ 480tr)
INSERT INTO sales_orders (id, order_number, customer_id, warehouse_id, status, delivery_date, total_amount, deposit_amount, total_weight_kg, total_volume_m3, atp_status, credit_status, notes, created_by, created_at, updated_at) VALUES
('11111111-1111-1111-1111-000000000017', 'SO-20260314-0002', 'd0000000-0000-0000-0000-000000000003', 'a0000000-0000-0000-0000-000000000001', 'pending_approval', '2026-03-16', 35750000, 1350000, 843.0, 1.42, 'sufficient', 'exceeded', 'Đơn hàng bổ sung cho event khai trương - cần duyệt công nợ', 'b0000000-0000-0000-0000-000000000003', '2026-03-14 09:30:00+07', '2026-03-14 09:30:00+07');
INSERT INTO order_items (id, order_id, product_id, quantity, unit_price, amount, deposit_amount) VALUES
('22222222-1111-1111-1111-000000000074', '11111111-1111-1111-1111-000000000017', 'c0000000-0000-0000-0000-000000000001', 100, 185000, 18500000, 500000),
('22222222-1111-1111-1111-000000000075', '11111111-1111-1111-1111-000000000017', 'c0000000-0000-0000-0000-000000000005', 50, 225000, 11250000, 250000),
('22222222-1111-1111-1111-000000000076', '11111111-1111-1111-1111-000000000017', 'c0000000-0000-0000-0000-000000000007', 3, 650000, 1950000, 300000),
('22222222-1111-1111-1111-000000000077', '11111111-1111-1111-1111-000000000017', 'c0000000-0000-0000-0000-000000000008', 15, 205000, 3075000, 75000),
('22222222-1111-1111-1111-000000000078', '11111111-1111-1111-1111-000000000017', 'c0000000-0000-0000-0000-000000000009', 8, 125000, 1000000, 225000);

-- ĐƠN #18: NPP Kiến An (đang nợ 190/200tr) - vượt hạn mức
INSERT INTO sales_orders (id, order_number, customer_id, warehouse_id, status, delivery_date, total_amount, deposit_amount, total_weight_kg, total_volume_m3, atp_status, credit_status, notes, created_by, created_at, updated_at) VALUES
('11111111-1111-1111-1111-000000000018', 'SO-20260314-0003', 'd0000000-0000-0000-0000-000000000009', 'a0000000-0000-0000-0000-000000000001', 'pending_approval', '2026-03-16', 15650000, 550000, 370.0, 0.63, 'sufficient', 'exceeded', 'NPP cần hàng trước Tết Xanh - xin nới hạn mức', 'b0000000-0000-0000-0000-000000000002', '2026-03-14 10:00:00+07', '2026-03-14 10:00:00+07');
INSERT INTO order_items (id, order_id, product_id, quantity, unit_price, amount, deposit_amount) VALUES
('22222222-1111-1111-1111-000000000079', '11111111-1111-1111-1111-000000000018', 'c0000000-0000-0000-0000-000000000001', 50, 185000, 9250000, 250000),
('22222222-1111-1111-1111-000000000080', '11111111-1111-1111-1111-000000000018', 'c0000000-0000-0000-0000-000000000002', 20, 245000, 4900000, 100000),
('22222222-1111-1111-1111-000000000081', '11111111-1111-1111-1111-000000000018', 'c0000000-0000-0000-0000-000000000014', 20, 75000, 1500000, 200000);

-- ====================
-- ADJUST STOCK: trừ tồn kho cho các đơn đã giao (realistic ATP)
-- Giảm stock theo tổng đã bán tuần trước + hôm nay
-- ====================
UPDATE stock_quants SET reserved_qty = 330 WHERE product_id = 'c0000000-0000-0000-0000-000000000001' AND warehouse_id = 'a0000000-0000-0000-0000-000000000001';
UPDATE stock_quants SET reserved_qty = 100 WHERE product_id = 'c0000000-0000-0000-0000-000000000002' AND warehouse_id = 'a0000000-0000-0000-0000-000000000001';
UPDATE stock_quants SET reserved_qty = 125 WHERE product_id = 'c0000000-0000-0000-0000-000000000003' AND warehouse_id = 'a0000000-0000-0000-0000-000000000001';
UPDATE stock_quants SET reserved_qty = 70 WHERE product_id = 'c0000000-0000-0000-0000-000000000004' AND warehouse_id = 'a0000000-0000-0000-0000-000000000001';
UPDATE stock_quants SET reserved_qty = 150 WHERE product_id = 'c0000000-0000-0000-0000-000000000005' AND warehouse_id = 'a0000000-0000-0000-0000-000000000001';
UPDATE stock_quants SET reserved_qty = 45 WHERE product_id = 'c0000000-0000-0000-0000-000000000006' AND warehouse_id = 'a0000000-0000-0000-0000-000000000001';
UPDATE stock_quants SET reserved_qty = 18 WHERE product_id = 'c0000000-0000-0000-0000-000000000007' AND warehouse_id = 'a0000000-0000-0000-0000-000000000001';
UPDATE stock_quants SET reserved_qty = 85 WHERE product_id = 'c0000000-0000-0000-0000-000000000008' AND warehouse_id = 'a0000000-0000-0000-0000-000000000001';
UPDATE stock_quants SET reserved_qty = 30 WHERE product_id = 'c0000000-0000-0000-0000-000000000009' AND warehouse_id = 'a0000000-0000-0000-0000-000000000001';
UPDATE stock_quants SET reserved_qty = 20 WHERE product_id = 'c0000000-0000-0000-0000-000000000010' AND warehouse_id = 'a0000000-0000-0000-0000-000000000001';
UPDATE stock_quants SET reserved_qty = 6 WHERE product_id = 'c0000000-0000-0000-0000-000000000011' AND warehouse_id = 'a0000000-0000-0000-0000-000000000001';
UPDATE stock_quants SET reserved_qty = 40 WHERE product_id = 'c0000000-0000-0000-0000-000000000012' AND warehouse_id = 'a0000000-0000-0000-0000-000000000001';
UPDATE stock_quants SET reserved_qty = 0 WHERE product_id = 'c0000000-0000-0000-0000-000000000013' AND warehouse_id = 'a0000000-0000-0000-0000-000000000001';
UPDATE stock_quants SET reserved_qty = 52 WHERE product_id = 'c0000000-0000-0000-0000-000000000014' AND warehouse_id = 'a0000000-0000-0000-0000-000000000001';
UPDATE stock_quants SET reserved_qty = 60 WHERE product_id = 'c0000000-0000-0000-0000-000000000015' AND warehouse_id = 'a0000000-0000-0000-0000-000000000001';

-- ====================
-- THÊM RECEIVABLE LEDGER cho các đơn hàng đã giao
-- ====================
INSERT INTO receivable_ledger (customer_id, order_id, ledger_type, amount, description) VALUES
('d0000000-0000-0000-0000-000000000001', '11111111-1111-1111-1111-000000000001', 'debit', 28750000, 'Giao hàng SO-20260307-0001 (10/03)'),
('d0000000-0000-0000-0000-000000000002', '11111111-1111-1111-1111-000000000002', 'debit', 45650000, 'Giao hàng SO-20260307-0002 (10/03)'),
('d0000000-0000-0000-0000-000000000004', '11111111-1111-1111-1111-000000000003', 'debit', 19600000, 'Giao hàng SO-20260308-0001 (11/03)'),
('d0000000-0000-0000-0000-000000000003', '11111111-1111-1111-1111-000000000004', 'debit', 52325000, 'Giao hàng SO-20260308-0002 (11/03)'),
('d0000000-0000-0000-0000-000000000006', '11111111-1111-1111-1111-000000000005', 'debit', 13200000, 'Giao hàng SO-20260309-0001 (12/03)'),
('d0000000-0000-0000-0000-000000000007', '11111111-1111-1111-1111-000000000006', 'debit', 16875000, 'Giao hàng SO-20260309-0002 (12/03)');
