-- ============================================================
-- BHL OMS-TMS-WMS — DỮ LIỆU DEMO ĐẦY ĐỦ THỰC TẾ
-- Công ty CP Bia và Nước giải khát Hạ Long
-- Ngày tham chiếu: 14/03/2026
-- ============================================================

-- ===== KHO HÀNG =====
INSERT INTO warehouses (id, name, code, latitude, longitude, address) VALUES
('a0000000-0000-0000-0000-000000000001', 'Kho Hạ Long', 'WH-HL', 20.9517, 107.0748, 'KCN Cái Lân, TP Hạ Long, Quảng Ninh'),
('a0000000-0000-0000-0000-000000000002', 'Kho Hải Phòng', 'WH-HP', 20.8449, 106.6881, 'KCN Đình Vũ, Hải An, Hải Phòng')
ON CONFLICT DO NOTHING;
INSERT INTO warehouses (id, name, code, path, latitude, longitude) VALUES
('a0000000-0000-0000-0000-000000000011', 'Khu A - Bia lon', 'WH-HL-A', 'wh_hl.zone_a', 20.9517, 107.0748),
('a0000000-0000-0000-0000-000000000012', 'Khu B - Bia chai', 'WH-HL-B', 'wh_hl.zone_b', 20.9517, 107.0748),
('a0000000-0000-0000-0000-000000000021', 'Khu A - Bia lon HP', 'WH-HP-A', 'wh_hp.zone_a', 20.8449, 106.6881),
('a0000000-0000-0000-0000-000000000022', 'Khu B - Bia chai HP', 'WH-HP-B', 'wh_hp.zone_b', 20.8449, 106.6881)
ON CONFLICT DO NOTHING;

-- ===== NHÂN VIÊN (12 người, mật khẩu: demo123) =====
INSERT INTO users (id, username, password_hash, full_name, role, permissions, warehouse_ids) VALUES
('b0000000-0000-0000-0000-000000000001', 'admin',        '$2a$10$JoEl4RXE/c/cvSPQTy01ceDBSF6dy/3UsCcDh2vWD8gll0EFy7WlK', 'Nguyễn Hữu Quang',    'admin',      ARRAY['*'], ARRAY['a0000000-0000-0000-0000-000000000001','a0000000-0000-0000-0000-000000000002']::uuid[]),
('b0000000-0000-0000-0000-000000000002', 'dvkh01',       '$2a$10$JoEl4RXE/c/cvSPQTy01ceDBSF6dy/3UsCcDh2vWD8gll0EFy7WlK', 'Nguyễn Thị Hoa',      'dvkh',       ARRAY['order:create','order:view','customer:view','product:view'], ARRAY['a0000000-0000-0000-0000-000000000001']::uuid[]),
('b0000000-0000-0000-0000-000000000003', 'dispatcher01', '$2a$10$JoEl4RXE/c/cvSPQTy01ceDBSF6dy/3UsCcDh2vWD8gll0EFy7WlK', 'Trần Văn Minh',       'dispatcher', ARRAY['order:create','order:view','planning:run','planning:approve','trip:view','trip:assign'], ARRAY['a0000000-0000-0000-0000-000000000001']::uuid[]),
('b0000000-0000-0000-0000-000000000004', 'accountant01', '$2a$10$JoEl4RXE/c/cvSPQTy01ceDBSF6dy/3UsCcDh2vWD8gll0EFy7WlK', 'Lê Thị Mai',          'accountant', ARRAY['order:view','order:approve','payment:view','report:view'], ARRAY['a0000000-0000-0000-0000-000000000001']::uuid[]),
('b0000000-0000-0000-0000-000000000005', 'driver01',     '$2a$10$JoEl4RXE/c/cvSPQTy01ceDBSF6dy/3UsCcDh2vWD8gll0EFy7WlK', 'Phạm Văn Đức',        'driver',     ARRAY['trip:view','epod:create'], ARRAY['a0000000-0000-0000-0000-000000000001']::uuid[]),
('b0000000-0000-0000-0000-000000000006', 'dvkh02',       '$2a$10$JoEl4RXE/c/cvSPQTy01ceDBSF6dy/3UsCcDh2vWD8gll0EFy7WlK', 'Phạm Thị Thuỷ',       'dvkh',       ARRAY['order:create','order:view','customer:view','product:view'], ARRAY['a0000000-0000-0000-0000-000000000001']::uuid[]),
('b0000000-0000-0000-0000-000000000007', 'dispatcher02', '$2a$10$JoEl4RXE/c/cvSPQTy01ceDBSF6dy/3UsCcDh2vWD8gll0EFy7WlK', 'Hoàng Đình Trường',   'dispatcher', ARRAY['order:create','order:view','planning:run','planning:approve','trip:view','trip:assign'], ARRAY['a0000000-0000-0000-0000-000000000002']::uuid[]),
('b0000000-0000-0000-0000-000000000008', 'accountant02', '$2a$10$JoEl4RXE/c/cvSPQTy01ceDBSF6dy/3UsCcDh2vWD8gll0EFy7WlK', 'Đặng Thị Ngọc Ánh',   'accountant', ARRAY['order:view','order:approve','payment:view','report:view'], ARRAY['a0000000-0000-0000-0000-000000000002']::uuid[]),
('b0000000-0000-0000-0000-000000000009', 'driver02',     '$2a$10$JoEl4RXE/c/cvSPQTy01ceDBSF6dy/3UsCcDh2vWD8gll0EFy7WlK', 'Nguyễn Văn Hùng',     'driver',     ARRAY['trip:view','epod:create'], ARRAY['a0000000-0000-0000-0000-000000000001']::uuid[]),
('b0000000-0000-0000-0000-000000000010', 'dvkh03',       '$2a$10$JoEl4RXE/c/cvSPQTy01ceDBSF6dy/3UsCcDh2vWD8gll0EFy7WlK', 'Vũ Thị Hằng',         'dvkh',       ARRAY['order:create','order:view','customer:view','product:view'], ARRAY['a0000000-0000-0000-0000-000000000002']::uuid[]),
('b0000000-0000-0000-0000-000000000011', 'warehouse01',  '$2a$10$JoEl4RXE/c/cvSPQTy01ceDBSF6dy/3UsCcDh2vWD8gll0EFy7WlK', 'Bùi Văn Thành',       'dispatcher', ARRAY['order:view','planning:run','trip:view'], ARRAY['a0000000-0000-0000-0000-000000000001']::uuid[]),
('b0000000-0000-0000-0000-000000000012', 'driver03',     '$2a$10$JoEl4RXE/c/cvSPQTy01ceDBSF6dy/3UsCcDh2vWD8gll0EFy7WlK', 'Trần Văn Toàn',       'driver',     ARRAY['trip:view','epod:create'], ARRAY['a0000000-0000-0000-0000-000000000001']::uuid[])
ON CONFLICT (username) DO NOTHING;

-- ===== SẢN PHẨM (15 loại bia & nước giải khát) =====
INSERT INTO products (id, sku, name, unit, weight_kg, volume_m3, price, deposit_price, category) VALUES
('c0000000-0000-0000-0000-000000000001', 'BHL-LON-330',    'Bia Hạ Long Lon 330ml (thùng 24)',           'thùng', 8.50,  0.015, 185000,  5000,   'Bia lon'),
('c0000000-0000-0000-0000-000000000002', 'BHL-LON-500',    'Bia Hạ Long Lon 500ml (thùng 24)',           'thùng', 12.80, 0.020, 245000,  5000,   'Bia lon'),
('c0000000-0000-0000-0000-000000000003', 'BHL-CHAI-450',   'Bia Hạ Long Chai 450ml (két 20)',            'két',   14.00, 0.025, 195000,  40000,  'Bia chai'),
('c0000000-0000-0000-0000-000000000004', 'BHL-CHAI-640',   'Bia Hạ Long Chai 640ml (két 12)',            'két',   12.50, 0.022, 175000,  40000,  'Bia chai'),
('c0000000-0000-0000-0000-000000000005', 'BHL-GOLD-330',   'Bia Hạ Long Gold Lon 330ml (thùng 24)',      'thùng', 8.50,  0.015, 225000,  5000,   'Bia lon cao cấp'),
('c0000000-0000-0000-0000-000000000006', 'BHL-GOLD-500',   'Bia Hạ Long Gold Lon 500ml (thùng 12)',      'thùng', 6.50,  0.012, 155000,  5000,   'Bia lon cao cấp'),
('c0000000-0000-0000-0000-000000000007', 'BHL-DRAFT-30',   'Bia Hạ Long Draft Keg 30L',                  'keg',   32.00, 0.035, 650000,  200000, 'Bia tươi'),
('c0000000-0000-0000-0000-000000000008', 'BHL-DARK-330',   'Bia Hạ Long Dark Lon 330ml (thùng 24)',      'thùng', 8.50,  0.015, 205000,  5000,   'Bia đen'),
('c0000000-0000-0000-0000-000000000009', 'NGK-CHANH-330',  'Nước Giải Khát Chanh 330ml (thùng 24)',      'thùng', 8.20,  0.015, 125000,  3000,   'Nước giải khát'),
('c0000000-0000-0000-0000-000000000010', 'NGK-CAM-330',    'Nước Giải Khát Cam 330ml (thùng 24)',        'thùng', 8.20,  0.015, 125000,  3000,   'Nước giải khát'),
('c0000000-0000-0000-0000-000000000011', 'BHL-LON-330-6',  'Bia Hạ Long Lon 330ml (lốc 6)',              'lốc',   2.20,  0.004, 48000,   0,      'Bia lon'),
('c0000000-0000-0000-0000-000000000012', 'BHL-EXPORT-330', 'Bia Hạ Long Export Lon 330ml (thùng 24)',    'thùng', 8.50,  0.015, 210000,  5000,   'Bia lon xuất khẩu'),
('c0000000-0000-0000-0000-000000000013', 'BHL-LAGER-500',  'Bia Hạ Long Lager Lon 500ml (thùng 24)',     'thùng', 12.80, 0.020, 265000,  5000,   'Bia lon'),
('c0000000-0000-0000-0000-000000000014', 'NGK-DA-500',     'Nước Khoáng Đá 500ml (thùng 24)',            'thùng', 12.50, 0.018, 75000,   0,      'Nước khoáng'),
('c0000000-0000-0000-0000-000000000015', 'BHL-STRONG-330', 'Bia Hạ Long Strong 8% Lon 330ml (thùng 24)','thùng', 8.50,  0.015, 235000,  5000,   'Bia mạnh')
ON CONFLICT (sku) DO NOTHING;

-- ===== KHÁCH HÀNG NPP (20 NPP – Quảng Ninh + Hải Phòng) =====
INSERT INTO customers (id, code, name, address, phone, latitude, longitude, province, district, route_code) VALUES
('d0000000-0000-0000-0000-000000000001', 'NPP-001', 'NPP Bãi Cháy - Anh Tuấn',          '45 Vườn Đào, Bãi Cháy, Hạ Long, QN',          '0912345001', 20.9590, 107.0480, 'Quảng Ninh', 'Bãi Cháy',    'R01'),
('d0000000-0000-0000-0000-000000000002', 'NPP-002', 'NPP Hòn Gai - Chị Lan',             '12 Trần Hưng Đạo, Hòn Gai, Hạ Long, QN',      '0912345002', 20.9550, 107.0860, 'Quảng Ninh', 'Hòn Gai',     'R01'),
('d0000000-0000-0000-0000-000000000003', 'NPP-003', 'NPP Uông Bí - CTY Hoàng Long',      '78 Quang Trung, Uông Bí, QN',                  '0912345003', 21.0360, 106.7640, 'Quảng Ninh', 'Uông Bí',     'R02'),
('d0000000-0000-0000-0000-000000000004', 'NPP-004', 'NPP Cẩm Phả - Anh Hùng',            '23 Trần Phú, Cẩm Phả, QN',                     '0912345004', 21.0130, 107.3010, 'Quảng Ninh', 'Cẩm Phả',     'R03'),
('d0000000-0000-0000-0000-000000000005', 'NPP-005', 'NPP Móng Cái - Chị Hương',           '56 Hữu Nghị, Móng Cái, QN',                    '0912345005', 21.5280, 107.9650, 'Quảng Ninh', 'Móng Cái',    'R04'),
('d0000000-0000-0000-0000-000000000006', 'NPP-006', 'NPP Đông Triều - Anh Nam',           '34 Lê Lợi, Đông Triều, QN',                    '0912345006', 21.0800, 106.5000, 'Quảng Ninh', 'Đông Triều',  'R02'),
('d0000000-0000-0000-0000-000000000007', 'NPP-007', 'NPP Quảng Yên - CTY Minh Đức',       '67 Nguyễn Trãi, Quảng Yên, QN',                '0912345007', 20.9330, 106.8030, 'Quảng Ninh', 'Quảng Yên',   'R02'),
('d0000000-0000-0000-0000-000000000008', 'NPP-008', 'NPP Hải An - Anh Cường',             '89 Lê Hồng Phong, Hải An, HP',                 '0912345008', 20.8350, 106.7240, 'Hải Phòng',  'Hải An',      'R05'),
('d0000000-0000-0000-0000-000000000009', 'NPP-009', 'NPP Kiến An - Chị Thảo',             '12 Trần Nhân Tông, Kiến An, HP',                '0912345009', 20.8150, 106.6200, 'Hải Phòng',  'Kiến An',     'R05'),
('d0000000-0000-0000-0000-000000000010', 'NPP-010', 'NPP Lê Chân - CTY Phú Hưng',         '45 Tô Hiệu, Lê Chân, HP',                      '0912345010', 20.8510, 106.6750, 'Hải Phòng',  'Lê Chân',     'R05'),
('d0000000-0000-0000-0000-000000000011', 'NPP-011', 'NPP Vân Đồn - Anh Sơn',              '23 Hạ Long, Vân Đồn, QN',                       '0912345011', 20.9100, 107.4200, 'Quảng Ninh', 'Vân Đồn',     'R03'),
('d0000000-0000-0000-0000-000000000012', 'NPP-012', 'NPP Tiên Yên - Chị Nhung',            '56 Nguyễn Huệ, Tiên Yên, QN',                  '0912345012', 21.3310, 107.4030, 'Quảng Ninh', 'Tiên Yên',    'R04'),
('d0000000-0000-0000-0000-000000000013', 'NPP-013', 'NPP Hạ Long Center - Anh Bình',       '100 Lê Thánh Tông, Hạ Long, QN',               '0912345013', 20.9480, 107.0700, 'Quảng Ninh', 'Hạ Long',     'R01'),
('d0000000-0000-0000-0000-000000000014', 'NPP-014', 'NPP Đồ Sơn - CTY Biển Xanh',         '34 An Dương Vương, Đồ Sơn, HP',                '0912345014', 20.7100, 106.7800, 'Hải Phòng',  'Đồ Sơn',      'R06'),
('d0000000-0000-0000-0000-000000000015', 'NPP-015', 'NPP Thuỷ Nguyên - Anh Hải',           '78 Bạch Đằng, Thuỷ Nguyên, HP',                '0912345015', 20.9200, 106.7100, 'Hải Phòng',  'Thuỷ Nguyên', 'R06'),
('d0000000-0000-0000-0000-000000000016', 'NPP-016', 'NPP Giếng Đáy - Chị Oanh',           '15 Ngô Quyền, Giếng Đáy, Hạ Long, QN',         '0912345016', 20.9430, 107.0550, 'Quảng Ninh', 'Giếng Đáy',   'R01'),
('d0000000-0000-0000-0000-000000000017', 'NPP-017', 'NPP Hà Khánh - Anh Tùng',            '88 Cao Thắng, Hà Khánh, Hạ Long, QN',          '0912345017', 20.9640, 107.0350, 'Quảng Ninh', 'Hà Khánh',    'R01'),
('d0000000-0000-0000-0000-000000000018', 'NPP-018', 'NPP Mạo Khê - CTY Việt Phát',         '45 Trần Phú, Mạo Khê, Đông Triều, QN',         '0912345018', 21.0530, 106.5500, 'Quảng Ninh', 'Mạo Khê',     'R02'),
('d0000000-0000-0000-0000-000000000019', 'NPP-019', 'NPP Cửa Ông - Anh Việt',              '30 Lý Tự Trọng, Cửa Ông, Cẩm Phả, QN',        '0912345019', 21.0240, 107.3450, 'Quảng Ninh', 'Cửa Ông',     'R03'),
('d0000000-0000-0000-0000-000000000020', 'NPP-020', 'NPP Ngô Quyền HP - Chị Hạnh',         '120 Đà Nẵng, Ngô Quyền, HP',                   '0912345020', 20.8580, 106.6920, 'Hải Phòng',  'Ngô Quyền',   'R05')
ON CONFLICT (code) DO NOTHING;

-- ===== HẠN MỨC CÔNG NỢ (20 NPP) =====
INSERT INTO credit_limits (customer_id, credit_limit) VALUES
('d0000000-0000-0000-0000-000000000001', 300000000),
('d0000000-0000-0000-0000-000000000002', 400000000),
('d0000000-0000-0000-0000-000000000003', 500000000),
('d0000000-0000-0000-0000-000000000004', 350000000),
('d0000000-0000-0000-0000-000000000005', 600000000),
('d0000000-0000-0000-0000-000000000006', 250000000),
('d0000000-0000-0000-0000-000000000007', 300000000),
('d0000000-0000-0000-0000-000000000008', 450000000),
('d0000000-0000-0000-0000-000000000009', 200000000),
('d0000000-0000-0000-0000-000000000010', 500000000),
('d0000000-0000-0000-0000-000000000011', 250000000),
('d0000000-0000-0000-0000-000000000012', 300000000),
('d0000000-0000-0000-0000-000000000013', 800000000),
('d0000000-0000-0000-0000-000000000014', 350000000),
('d0000000-0000-0000-0000-000000000015', 400000000),
('d0000000-0000-0000-0000-000000000016', 280000000),
('d0000000-0000-0000-0000-000000000017', 320000000),
('d0000000-0000-0000-0000-000000000018', 350000000),
('d0000000-0000-0000-0000-000000000019', 270000000),
('d0000000-0000-0000-0000-000000000020', 450000000)
ON CONFLICT DO NOTHING;

-- ===== XE TẢI (12 xe – đủ loại trọng tải/thể tích) =====
INSERT INTO vehicles (id, plate_number, vehicle_type, capacity_kg, capacity_m3, warehouse_id) VALUES
-- Kho Hạ Long: 8 xe
('e0000000-0000-0000-0000-000000000001', '14C-12345', 'truck_3t5',  3500,  12, 'a0000000-0000-0000-0000-000000000001'),
('e0000000-0000-0000-0000-000000000002', '14C-12346', 'truck_3t5',  3500,  12, 'a0000000-0000-0000-0000-000000000001'),
('e0000000-0000-0000-0000-000000000003', '14C-23456', 'truck_5t',   5000,  18, 'a0000000-0000-0000-0000-000000000001'),
('e0000000-0000-0000-0000-000000000004', '14C-23457', 'truck_5t',   5000,  18, 'a0000000-0000-0000-0000-000000000001'),
('e0000000-0000-0000-0000-000000000005', '14C-34567', 'truck_8t',   8000,  28, 'a0000000-0000-0000-0000-000000000001'),
('e0000000-0000-0000-0000-000000000006', '14C-34568', 'truck_8t',   8000,  28, 'a0000000-0000-0000-0000-000000000001'),
('e0000000-0000-0000-0000-000000000009', '14C-45678', 'truck_15t', 15000,  45, 'a0000000-0000-0000-0000-000000000001'),
('e0000000-0000-0000-0000-000000000010', '14C-45679', 'truck_15t', 15000,  45, 'a0000000-0000-0000-0000-000000000001'),
-- Kho Hải Phòng: 4 xe
('e0000000-0000-0000-0000-000000000007', '15C-11111', 'truck_3t5',  3500,  12, 'a0000000-0000-0000-0000-000000000002'),
('e0000000-0000-0000-0000-000000000008', '15C-22222', 'truck_5t',   5000,  18, 'a0000000-0000-0000-0000-000000000002'),
('e0000000-0000-0000-0000-000000000011', '15C-33333', 'truck_8t',   8000,  28, 'a0000000-0000-0000-0000-000000000002'),
('e0000000-0000-0000-0000-000000000012', '15C-44444', 'truck_15t', 15000,  45, 'a0000000-0000-0000-0000-000000000002')
ON CONFLICT (plate_number) DO NOTHING;

-- ===== TÀI XẾ (12 người) =====
INSERT INTO drivers (id, user_id, full_name, phone, license_number, warehouse_id) VALUES
-- Kho Hạ Long: 8 tài xế
('f0000000-0000-0000-0000-000000000001', 'b0000000-0000-0000-0000-000000000005', 'Phạm Văn Đức',     '0987654001', 'B2-001234', 'a0000000-0000-0000-0000-000000000001'),
('f0000000-0000-0000-0000-000000000002', 'b0000000-0000-0000-0000-000000000009', 'Nguyễn Văn Hùng',   '0987654002', 'B2-001235', 'a0000000-0000-0000-0000-000000000001'),
('f0000000-0000-0000-0000-000000000003', 'b0000000-0000-0000-0000-000000000012', 'Trần Văn Toàn',     '0987654003', 'C-005678',  'a0000000-0000-0000-0000-000000000001'),
('f0000000-0000-0000-0000-000000000004', NULL, 'Lê Văn Dũng',       '0987654004', 'C-005679',  'a0000000-0000-0000-0000-000000000001'),
('f0000000-0000-0000-0000-000000000005', NULL, 'Hoàng Văn Thắng',   '0987654005', 'C-009012',  'a0000000-0000-0000-0000-000000000001'),
('f0000000-0000-0000-0000-000000000006', NULL, 'Đặng Công Vinh',    '0987654009', 'C-009015',  'a0000000-0000-0000-0000-000000000001'),
('f0000000-0000-0000-0000-000000000009', NULL, 'Ngô Văn Phong',     '0987654010', 'C-009016',  'a0000000-0000-0000-0000-000000000001'),
('f0000000-0000-0000-0000-000000000010', NULL, 'Mai Xuân Trường',   '0987654011', 'C-009017',  'a0000000-0000-0000-0000-000000000001'),
-- Kho Hải Phòng: 4 tài xế
('f0000000-0000-0000-0000-000000000007', NULL, 'Vũ Văn Long',       '0987654006', 'B2-003456', 'a0000000-0000-0000-0000-000000000002'),
('f0000000-0000-0000-0000-000000000008', NULL, 'Đỗ Văn Mạnh',       '0987654007', 'C-007890',  'a0000000-0000-0000-0000-000000000002'),
('f0000000-0000-0000-0000-000000000011', NULL, 'Bùi Văn Sáng',      '0987654008', 'C-007891',  'a0000000-0000-0000-0000-000000000002'),
('f0000000-0000-0000-0000-000000000012', NULL, 'Đinh Văn Hiếu',     '0987654012', 'C-009018',  'a0000000-0000-0000-0000-000000000002')
ON CONFLICT DO NOTHING;

-- ===== LOTS (15 lô cho ATP) =====
INSERT INTO lots (id, product_id, batch_number, production_date, expiry_date) VALUES
('10000000-0000-0000-0000-000000000001', 'c0000000-0000-0000-0000-000000000001', 'L20260301-001', '2026-03-01', '2027-03-01'),
('10000000-0000-0000-0000-000000000002', 'c0000000-0000-0000-0000-000000000002', 'L20260301-002', '2026-03-01', '2027-03-01'),
('10000000-0000-0000-0000-000000000003', 'c0000000-0000-0000-0000-000000000003', 'L20260301-003', '2026-03-01', '2027-03-01'),
('10000000-0000-0000-0000-000000000004', 'c0000000-0000-0000-0000-000000000004', 'L20260301-004', '2026-03-01', '2027-03-01'),
('10000000-0000-0000-0000-000000000005', 'c0000000-0000-0000-0000-000000000005', 'L20260301-005', '2026-03-01', '2027-03-01'),
('10000000-0000-0000-0000-000000000006', 'c0000000-0000-0000-0000-000000000006', 'L20260301-006', '2026-03-01', '2027-03-01'),
('10000000-0000-0000-0000-000000000007', 'c0000000-0000-0000-0000-000000000007', 'L20260301-007', '2026-03-01', '2027-03-01'),
('10000000-0000-0000-0000-000000000008', 'c0000000-0000-0000-0000-000000000008', 'L20260301-008', '2026-03-01', '2027-03-01'),
('10000000-0000-0000-0000-000000000009', 'c0000000-0000-0000-0000-000000000009', 'L20260301-009', '2026-03-01', '2027-03-01'),
('10000000-0000-0000-0000-000000000010', 'c0000000-0000-0000-0000-000000000010', 'L20260301-010', '2026-03-01', '2027-03-01'),
('10000000-0000-0000-0000-000000000011', 'c0000000-0000-0000-0000-000000000011', 'L20260301-011', '2026-03-01', '2027-03-01'),
('10000000-0000-0000-0000-000000000012', 'c0000000-0000-0000-0000-000000000012', 'L20260301-012', '2026-03-01', '2027-03-01'),
('10000000-0000-0000-0000-000000000013', 'c0000000-0000-0000-0000-000000000013', 'L20260301-013', '2026-03-01', '2027-03-01'),
('10000000-0000-0000-0000-000000000014', 'c0000000-0000-0000-0000-000000000014', 'L20260301-014', '2026-03-01', '2027-03-01'),
('10000000-0000-0000-0000-000000000015', 'c0000000-0000-0000-0000-000000000015', 'L20260301-015', '2026-03-01', '2027-03-01')
ON CONFLICT DO NOTHING;

-- ===== TỒN KHO (Kho Hạ Long – lớn + Kho Hải Phòng) =====
INSERT INTO stock_quants (product_id, lot_id, warehouse_id, location_id, quantity, reserved_qty) VALUES
-- Kho Hạ Long
('c0000000-0000-0000-0000-000000000001','10000000-0000-0000-0000-000000000001','a0000000-0000-0000-0000-000000000001','a0000000-0000-0000-0000-000000000011', 5000, 0),
('c0000000-0000-0000-0000-000000000002','10000000-0000-0000-0000-000000000002','a0000000-0000-0000-0000-000000000001','a0000000-0000-0000-0000-000000000011', 3000, 0),
('c0000000-0000-0000-0000-000000000003','10000000-0000-0000-0000-000000000003','a0000000-0000-0000-0000-000000000001','a0000000-0000-0000-0000-000000000012', 2500, 0),
('c0000000-0000-0000-0000-000000000004','10000000-0000-0000-0000-000000000004','a0000000-0000-0000-0000-000000000001','a0000000-0000-0000-0000-000000000012', 1800, 0),
('c0000000-0000-0000-0000-000000000005','10000000-0000-0000-0000-000000000005','a0000000-0000-0000-0000-000000000001','a0000000-0000-0000-0000-000000000011', 2200, 0),
('c0000000-0000-0000-0000-000000000006','10000000-0000-0000-0000-000000000006','a0000000-0000-0000-0000-000000000001','a0000000-0000-0000-0000-000000000011', 1200, 0),
('c0000000-0000-0000-0000-000000000007','10000000-0000-0000-0000-000000000007','a0000000-0000-0000-0000-000000000001','a0000000-0000-0000-0000-000000000012', 300, 0),
('c0000000-0000-0000-0000-000000000008','10000000-0000-0000-0000-000000000008','a0000000-0000-0000-0000-000000000001','a0000000-0000-0000-0000-000000000011', 1100, 0),
('c0000000-0000-0000-0000-000000000009','10000000-0000-0000-0000-000000000009','a0000000-0000-0000-0000-000000000001','a0000000-0000-0000-0000-000000000011', 1500, 0),
('c0000000-0000-0000-0000-000000000010','10000000-0000-0000-0000-000000000010','a0000000-0000-0000-0000-000000000001','a0000000-0000-0000-0000-000000000011', 1300, 0),
('c0000000-0000-0000-0000-000000000011','10000000-0000-0000-0000-000000000011','a0000000-0000-0000-0000-000000000001','a0000000-0000-0000-0000-000000000011', 800, 0),
('c0000000-0000-0000-0000-000000000012','10000000-0000-0000-0000-000000000012','a0000000-0000-0000-0000-000000000001','a0000000-0000-0000-0000-000000000011', 900, 0),
('c0000000-0000-0000-0000-000000000013','10000000-0000-0000-0000-000000000013','a0000000-0000-0000-0000-000000000001','a0000000-0000-0000-0000-000000000011', 1600, 0),
('c0000000-0000-0000-0000-000000000014','10000000-0000-0000-0000-000000000014','a0000000-0000-0000-0000-000000000001','a0000000-0000-0000-0000-000000000011', 3000, 0),
('c0000000-0000-0000-0000-000000000015','10000000-0000-0000-0000-000000000015','a0000000-0000-0000-0000-000000000001','a0000000-0000-0000-0000-000000000011', 700, 0)
ON CONFLICT DO NOTHING;

-- ===== TUYẾN GIAO HÀNG =====
INSERT INTO delivery_routes (code, name, warehouse_id, customer_ids) VALUES
('R01', 'Tuyến Hạ Long nội thành',             'a0000000-0000-0000-0000-000000000001', ARRAY['d0000000-0000-0000-0000-000000000001','d0000000-0000-0000-0000-000000000002','d0000000-0000-0000-0000-000000000013','d0000000-0000-0000-0000-000000000016','d0000000-0000-0000-0000-000000000017']::uuid[]),
('R02', 'Tuyến Uông Bí - Đông Triều - Quảng Yên','a0000000-0000-0000-0000-000000000001', ARRAY['d0000000-0000-0000-0000-000000000003','d0000000-0000-0000-0000-000000000006','d0000000-0000-0000-0000-000000000007','d0000000-0000-0000-0000-000000000018']::uuid[]),
('R03', 'Tuyến Cẩm Phả - Vân Đồn',              'a0000000-0000-0000-0000-000000000001', ARRAY['d0000000-0000-0000-0000-000000000004','d0000000-0000-0000-0000-000000000011','d0000000-0000-0000-0000-000000000019']::uuid[]),
('R04', 'Tuyến Tiên Yên - Móng Cái',             'a0000000-0000-0000-0000-000000000001', ARRAY['d0000000-0000-0000-0000-000000000005','d0000000-0000-0000-0000-000000000012']::uuid[]),
('R05', 'Tuyến Hải Phòng nội thành',             'a0000000-0000-0000-0000-000000000002', ARRAY['d0000000-0000-0000-0000-000000000008','d0000000-0000-0000-0000-000000000009','d0000000-0000-0000-0000-000000000010','d0000000-0000-0000-0000-000000000020']::uuid[]),
('R06', 'Tuyến Đồ Sơn - Thuỷ Nguyên',            'a0000000-0000-0000-0000-000000000002', ARRAY['d0000000-0000-0000-0000-000000000014','d0000000-0000-0000-0000-000000000015']::uuid[])
ON CONFLICT (code) DO NOTHING;

-- ===== CÔNG NỢ CƠ SỞ =====
INSERT INTO receivable_ledger (customer_id, ledger_type, amount, description) VALUES
('d0000000-0000-0000-0000-000000000001', 'debit', 145000000, 'Nợ tích lũy đến 28/02/2026'),
('d0000000-0000-0000-0000-000000000002', 'debit', 185000000, 'Nợ tích lũy đến 28/02/2026'),
('d0000000-0000-0000-0000-000000000003', 'debit', 465000000, 'Nợ tích lũy đến 28/02/2026 – gần hạn mức'),
('d0000000-0000-0000-0000-000000000004', 'debit',  95000000, 'Nợ tích lũy đến 28/02/2026'),
('d0000000-0000-0000-0000-000000000005', 'debit', 120000000, 'Nợ tích lũy đến 28/02/2026'),
('d0000000-0000-0000-0000-000000000006', 'debit',  78000000, 'Nợ tích lũy đến 28/02/2026'),
('d0000000-0000-0000-0000-000000000007', 'debit', 110000000, 'Nợ tích lũy đến 28/02/2026'),
('d0000000-0000-0000-0000-000000000008', 'debit', 210000000, 'Nợ tích lũy đến 28/02/2026'),
('d0000000-0000-0000-0000-000000000009', 'debit', 188000000, 'Nợ tích lũy đến 28/02/2026 – sát hạn mức'),
('d0000000-0000-0000-0000-000000000010','debit', 250000000, 'Nợ tích lũy đến 28/02/2026'),
('d0000000-0000-0000-0000-000000000011','debit',  65000000, 'Nợ tích lũy đến 28/02/2026'),
('d0000000-0000-0000-0000-000000000012','debit',  88000000, 'Nợ tích lũy đến 28/02/2026'),
('d0000000-0000-0000-0000-000000000013','debit', 520000000, 'Nợ tích lũy đến 28/02/2026 – sát hạn mức'),
('d0000000-0000-0000-0000-000000000014','debit', 150000000, 'Nợ tích lũy đến 28/02/2026'),
('d0000000-0000-0000-0000-000000000015','debit', 175000000, 'Nợ tích lũy đến 28/02/2026'),
('d0000000-0000-0000-0000-000000000016','debit',  55000000, 'Nợ tích lũy đến 28/02/2026'),
('d0000000-0000-0000-0000-000000000017','debit',  90000000, 'Nợ tích lũy đến 28/02/2026'),
('d0000000-0000-0000-0000-000000000018','debit', 120000000, 'Nợ tích lũy đến 28/02/2026'),
('d0000000-0000-0000-0000-000000000019','debit',  45000000, 'Nợ tích lũy đến 28/02/2026'),
('d0000000-0000-0000-0000-000000000020','debit', 200000000, 'Nợ tích lũy đến 28/02/2026');

-- ============================================================
-- 50 ĐƠN HÀNG — PHÂN BỐ 10 NGÀY (05/03 → 14/03/2026)
-- Trạng thái: delivered(20), shipped(5), confirmed(10), pending_approval(3), cancelled(2), draft(2), closed(8)
-- ============================================================

-- ---------- TUẦN 1: 05-07/03 — ĐÃ ĐÓNG (closed) ----------
-- Đơn 1: NPP Bãi Cháy – giao 07/03
INSERT INTO sales_orders VALUES ('11111111-0000-0000-0000-000000000001','SO-20260305-0001','d0000000-0000-0000-0000-000000000001','a0000000-0000-0000-0000-000000000001','closed','2026-03-07',NULL,NULL,18500000,500000,425.0,0.75,'sufficient','within_limit',NULL,'b0000000-0000-0000-0000-000000000002',NULL,NULL,'2026-03-05 08:15:00+07','2026-03-07 17:00:00+07');
INSERT INTO order_items (id,order_id,product_id,quantity,unit_price,amount,deposit_amount) VALUES
('22222222-0000-0000-0000-000000000001','11111111-0000-0000-0000-000000000001','c0000000-0000-0000-0000-000000000001',100,185000,18500000,500000);

-- Đơn 2: NPP Hòn Gai – giao 07/03
INSERT INTO sales_orders VALUES ('11111111-0000-0000-0000-000000000002','SO-20260305-0002','d0000000-0000-0000-0000-000000000002','a0000000-0000-0000-0000-000000000001','closed','2026-03-07',NULL,NULL,34100000,900000,770.0,1.30,'sufficient','within_limit',NULL,'b0000000-0000-0000-0000-000000000003',NULL,NULL,'2026-03-05 09:00:00+07','2026-03-07 17:00:00+07');
INSERT INTO order_items (id,order_id,product_id,quantity,unit_price,amount,deposit_amount) VALUES
('22222222-0000-0000-0000-000000000002','11111111-0000-0000-0000-000000000002','c0000000-0000-0000-0000-000000000001',80,185000,14800000,400000),
('22222222-0000-0000-0000-000000000003','11111111-0000-0000-0000-000000000002','c0000000-0000-0000-0000-000000000003',60,195000,11700000,200000),
('22222222-0000-0000-0000-000000000004','11111111-0000-0000-0000-000000000002','c0000000-0000-0000-0000-000000000005',30,225000,6750000,150000),
('22222222-0000-0000-0000-000000000005','11111111-0000-0000-0000-000000000002','c0000000-0000-0000-0000-000000000014',10,75000,750000,0),
('22222222-0000-0000-0000-000000000098','11111111-0000-0000-0000-000000000002','c0000000-0000-0000-0000-000000000011',5,48000,100000,150000);

-- Đơn 3: NPP Uông Bí – giao 07/03
INSERT INTO sales_orders VALUES ('11111111-0000-0000-0000-000000000003','SO-20260305-0003','d0000000-0000-0000-0000-000000000003','a0000000-0000-0000-0000-000000000001','closed','2026-03-07',NULL,NULL,42550000,1600000,1010.0,1.72,'sufficient','approved',NULL,'b0000000-0000-0000-0000-000000000003','b0000000-0000-0000-0000-000000000004','2026-03-05 10:00:00+07','2026-03-05 09:30:00+07','2026-03-07 17:00:00+07');
INSERT INTO order_items (id,order_id,product_id,quantity,unit_price,amount,deposit_amount) VALUES
('22222222-0000-0000-0000-000000000006','11111111-0000-0000-0000-000000000003','c0000000-0000-0000-0000-000000000001',120,185000,22200000,600000),
('22222222-0000-0000-0000-000000000007','11111111-0000-0000-0000-000000000003','c0000000-0000-0000-0000-000000000003',70,195000,13650000,700000),
('22222222-0000-0000-0000-000000000008','11111111-0000-0000-0000-000000000003','c0000000-0000-0000-0000-000000000007',4,650000,2600000,200000),
('22222222-0000-0000-0000-000000000009','11111111-0000-0000-0000-000000000003','c0000000-0000-0000-0000-000000000008',20,205000,4100000,100000);

-- Đơn 4: NPP Cẩm Phả – giao 07/03
INSERT INTO sales_orders VALUES ('11111111-0000-0000-0000-000000000004','SO-20260305-0004','d0000000-0000-0000-0000-000000000004','a0000000-0000-0000-0000-000000000001','closed','2026-03-07',NULL,NULL,22150000,750000,530.0,0.90,'sufficient','within_limit',NULL,'b0000000-0000-0000-0000-000000000002',NULL,NULL,'2026-03-05 10:30:00+07','2026-03-07 17:00:00+07');
INSERT INTO order_items (id,order_id,product_id,quantity,unit_price,amount,deposit_amount) VALUES
('22222222-0000-0000-0000-000000000010','11111111-0000-0000-0000-000000000004','c0000000-0000-0000-0000-000000000001',60,185000,11100000,300000),
('22222222-0000-0000-0000-000000000011','11111111-0000-0000-0000-000000000004','c0000000-0000-0000-0000-000000000005',40,225000,9000000,200000),
('22222222-0000-0000-0000-000000000012','11111111-0000-0000-0000-000000000004','c0000000-0000-0000-0000-000000000009',15,125000,1875000,45000),
('22222222-0000-0000-0000-000000000099','11111111-0000-0000-0000-000000000004','c0000000-0000-0000-0000-000000000014',2,75000,175000,205000);

-- Đơn 5: NPP Đông Triều – giao 06/03 (closed)
INSERT INTO sales_orders VALUES ('11111111-0000-0000-0000-000000000005','SO-20260304-0001','d0000000-0000-0000-0000-000000000006','a0000000-0000-0000-0000-000000000001','closed','2026-03-06',NULL,NULL,15450000,450000,370.0,0.63,'sufficient','within_limit',NULL,'b0000000-0000-0000-0000-000000000006',NULL,NULL,'2026-03-04 14:00:00+07','2026-03-06 16:00:00+07');
INSERT INTO order_items (id,order_id,product_id,quantity,unit_price,amount,deposit_amount) VALUES
('22222222-0000-0000-0000-000000000013','11111111-0000-0000-0000-000000000005','c0000000-0000-0000-0000-000000000002',30,245000,7350000,150000),
('22222222-0000-0000-0000-000000000014','11111111-0000-0000-0000-000000000005','c0000000-0000-0000-0000-000000000008',25,205000,5125000,125000),
('22222222-0000-0000-0000-000000000015','11111111-0000-0000-0000-000000000005','c0000000-0000-0000-0000-000000000006',20,155000,3100000,100000);

-- Đơn 6: NPP Quảng Yên – giao 06/03 (closed)
INSERT INTO sales_orders VALUES ('11111111-0000-0000-0000-000000000006','SO-20260304-0002','d0000000-0000-0000-0000-000000000007','a0000000-0000-0000-0000-000000000001','closed','2026-03-06',NULL,NULL,12025000,400000,310.0,0.52,'sufficient','within_limit',NULL,'b0000000-0000-0000-0000-000000000003',NULL,NULL,'2026-03-04 15:00:00+07','2026-03-06 16:00:00+07');
INSERT INTO order_items (id,order_id,product_id,quantity,unit_price,amount,deposit_amount) VALUES
('22222222-0000-0000-0000-000000000016','11111111-0000-0000-0000-000000000006','c0000000-0000-0000-0000-000000000001',40,185000,7400000,200000),
('22222222-0000-0000-0000-000000000017','11111111-0000-0000-0000-000000000006','c0000000-0000-0000-0000-000000000006',20,155000,3100000,100000),
('22222222-0000-0000-0000-000000000018','11111111-0000-0000-0000-000000000006','c0000000-0000-0000-0000-000000000014',20,75000,1500000,0),
('22222222-0000-0000-0000-000000000100','11111111-0000-0000-0000-000000000006','c0000000-0000-0000-0000-000000000010',1,125000,25000,100000);

-- Đơn 7: NPP Giếng Đáy – giao 06/03 (closed)
INSERT INTO sales_orders VALUES ('11111111-0000-0000-0000-000000000007','SO-20260304-0003','d0000000-0000-0000-0000-000000000016','a0000000-0000-0000-0000-000000000001','closed','2026-03-06',NULL,NULL,9250000,250000,255.0,0.45,'sufficient','within_limit',NULL,'b0000000-0000-0000-0000-000000000002',NULL,NULL,'2026-03-04 16:00:00+07','2026-03-06 16:00:00+07');
INSERT INTO order_items (id,order_id,product_id,quantity,unit_price,amount,deposit_amount) VALUES
('22222222-0000-0000-0000-000000000019','11111111-0000-0000-0000-000000000007','c0000000-0000-0000-0000-000000000001',50,185000,9250000,250000);

-- Đơn 8: NPP Hà Khánh (closed) – giao 07/03
INSERT INTO sales_orders VALUES ('11111111-0000-0000-0000-000000000008','SO-20260305-0005','d0000000-0000-0000-0000-000000000017','a0000000-0000-0000-0000-000000000001','closed','2026-03-07',NULL,NULL,16100000,550000,386.0,0.66,'sufficient','within_limit',NULL,'b0000000-0000-0000-0000-000000000006',NULL,NULL,'2026-03-05 14:00:00+07','2026-03-07 17:00:00+07');
INSERT INTO order_items (id,order_id,product_id,quantity,unit_price,amount,deposit_amount) VALUES
('22222222-0000-0000-0000-000000000020','11111111-0000-0000-0000-000000000008','c0000000-0000-0000-0000-000000000001',40,185000,7400000,200000),
('22222222-0000-0000-0000-000000000021','11111111-0000-0000-0000-000000000008','c0000000-0000-0000-0000-000000000005',25,225000,5625000,125000),
('22222222-0000-0000-0000-000000000022','11111111-0000-0000-0000-000000000008','c0000000-0000-0000-0000-000000000012',15,210000,3150000,75000);

-- ---------- TUẦN 2: 08-10/03 — ĐÃ GIAO (delivered) ----------
-- Đơn 9: Bãi Cháy – giao 10/03
INSERT INTO sales_orders VALUES ('11111111-0000-0000-0000-000000000009','SO-20260308-0001','d0000000-0000-0000-0000-000000000001','a0000000-0000-0000-0000-000000000001','delivered','2026-03-10',NULL,NULL,28750000,750000,680.0,1.13,'sufficient','within_limit',NULL,'b0000000-0000-0000-0000-000000000003',NULL,NULL,'2026-03-08 08:30:00+07','2026-03-10 16:45:00+07');
INSERT INTO order_items (id,order_id,product_id,quantity,unit_price,amount,deposit_amount) VALUES
('22222222-0000-0000-0000-000000000023','11111111-0000-0000-0000-000000000009','c0000000-0000-0000-0000-000000000001',100,185000,18500000,500000),
('22222222-0000-0000-0000-000000000024','11111111-0000-0000-0000-000000000009','c0000000-0000-0000-0000-000000000005',40,225000,9000000,200000),
('22222222-0000-0000-0000-000000000025','11111111-0000-0000-0000-000000000009','c0000000-0000-0000-0000-000000000009',10,125000,1250000,50000);

-- Đơn 10: Hòn Gai – giao 10/03
INSERT INTO sales_orders VALUES ('11111111-0000-0000-0000-000000000010','SO-20260308-0002','d0000000-0000-0000-0000-000000000002','a0000000-0000-0000-0000-000000000001','delivered','2026-03-10',NULL,NULL,45650000,1650000,1092.0,2.06,'sufficient','within_limit',NULL,'b0000000-0000-0000-0000-000000000002',NULL,NULL,'2026-03-08 09:15:00+07','2026-03-10 17:20:00+07');
INSERT INTO order_items (id,order_id,product_id,quantity,unit_price,amount,deposit_amount) VALUES
('22222222-0000-0000-0000-000000000026','11111111-0000-0000-0000-000000000010','c0000000-0000-0000-0000-000000000001',80,185000,14800000,400000),
('22222222-0000-0000-0000-000000000027','11111111-0000-0000-0000-000000000010','c0000000-0000-0000-0000-000000000002',50,245000,12250000,250000),
('22222222-0000-0000-0000-000000000028','11111111-0000-0000-0000-000000000010','c0000000-0000-0000-0000-000000000003',60,195000,11700000,600000),
('22222222-0000-0000-0000-000000000029','11111111-0000-0000-0000-000000000010','c0000000-0000-0000-0000-000000000008',30,205000,6150000,150000),
('22222222-0000-0000-0000-000000000030','11111111-0000-0000-0000-000000000010','c0000000-0000-0000-0000-000000000010',6,125000,750000,250000);

-- Đơn 11: Cẩm Phả – giao 11/03
INSERT INTO sales_orders VALUES ('11111111-0000-0000-0000-000000000011','SO-20260309-0001','d0000000-0000-0000-0000-000000000004','a0000000-0000-0000-0000-000000000001','delivered','2026-03-11',NULL,NULL,19600000,810000,469.0,0.79,'sufficient','within_limit',NULL,'b0000000-0000-0000-0000-000000000003',NULL,NULL,'2026-03-09 10:00:00+07','2026-03-11 15:30:00+07');
INSERT INTO order_items (id,order_id,product_id,quantity,unit_price,amount,deposit_amount) VALUES
('22222222-0000-0000-0000-000000000031','11111111-0000-0000-0000-000000000011','c0000000-0000-0000-0000-000000000004',50,175000,8750000,500000),
('22222222-0000-0000-0000-000000000032','11111111-0000-0000-0000-000000000011','c0000000-0000-0000-0000-000000000006',30,155000,4650000,150000),
('22222222-0000-0000-0000-000000000033','11111111-0000-0000-0000-000000000011','c0000000-0000-0000-0000-000000000012',20,210000,4200000,100000),
('22222222-0000-0000-0000-000000000034','11111111-0000-0000-0000-000000000011','c0000000-0000-0000-0000-000000000014',20,75000,1500000,0),
('22222222-0000-0000-0000-000000000035','11111111-0000-0000-0000-000000000011','c0000000-0000-0000-0000-000000000009',4,125000,500000,60000);

-- Đơn 12: Uông Bí – giao 11/03
INSERT INTO sales_orders VALUES ('11111111-0000-0000-0000-000000000012','SO-20260309-0002','d0000000-0000-0000-0000-000000000003','a0000000-0000-0000-0000-000000000001','delivered','2026-03-11',NULL,NULL,52325000,2600000,1267.0,2.22,'sufficient','approved',NULL,'b0000000-0000-0000-0000-000000000003','b0000000-0000-0000-0000-000000000004','2026-03-09 11:00:00+07','2026-03-09 11:00:00+07','2026-03-11 16:00:00+07');
INSERT INTO order_items (id,order_id,product_id,quantity,unit_price,amount,deposit_amount) VALUES
('22222222-0000-0000-0000-000000000036','11111111-0000-0000-0000-000000000012','c0000000-0000-0000-0000-000000000001',150,185000,27750000,750000),
('22222222-0000-0000-0000-000000000037','11111111-0000-0000-0000-000000000012','c0000000-0000-0000-0000-000000000003',80,195000,15600000,1600000),
('22222222-0000-0000-0000-000000000038','11111111-0000-0000-0000-000000000012','c0000000-0000-0000-0000-000000000005',40,225000,9000000,250000);

-- Đơn 13: Đông Triều – giao 10/03
INSERT INTO sales_orders VALUES ('11111111-0000-0000-0000-000000000013','SO-20260308-0003','d0000000-0000-0000-0000-000000000006','a0000000-0000-0000-0000-000000000001','delivered','2026-03-10',NULL,NULL,13200000,550000,316.0,0.54,'sufficient','within_limit',NULL,'b0000000-0000-0000-0000-000000000002',NULL,NULL,'2026-03-08 08:00:00+07','2026-03-10 14:30:00+07');
INSERT INTO order_items (id,order_id,product_id,quantity,unit_price,amount,deposit_amount) VALUES
('22222222-0000-0000-0000-000000000039','11111111-0000-0000-0000-000000000013','c0000000-0000-0000-0000-000000000002',30,245000,7350000,150000),
('22222222-0000-0000-0000-000000000040','11111111-0000-0000-0000-000000000013','c0000000-0000-0000-0000-000000000008',20,205000,4100000,100000),
('22222222-0000-0000-0000-000000000041','11111111-0000-0000-0000-000000000013','c0000000-0000-0000-0000-000000000014',20,75000,1500000,0),
('22222222-0000-0000-0000-000000000042','11111111-0000-0000-0000-000000000013','c0000000-0000-0000-0000-000000000010',2,125000,250000,300000);

-- Đơn 14: Quảng Yên – giao 10/03
INSERT INTO sales_orders VALUES ('11111111-0000-0000-0000-000000000014','SO-20260308-0004','d0000000-0000-0000-0000-000000000007','a0000000-0000-0000-0000-000000000001','delivered','2026-03-10',NULL,NULL,16875000,825000,438.0,0.70,'sufficient','within_limit',NULL,'b0000000-0000-0000-0000-000000000003',NULL,NULL,'2026-03-08 09:00:00+07','2026-03-10 15:00:00+07');
INSERT INTO order_items (id,order_id,product_id,quantity,unit_price,amount,deposit_amount) VALUES
('22222222-0000-0000-0000-000000000043','11111111-0000-0000-0000-000000000014','c0000000-0000-0000-0000-000000000001',50,185000,9250000,250000),
('22222222-0000-0000-0000-000000000044','11111111-0000-0000-0000-000000000014','c0000000-0000-0000-0000-000000000003',25,195000,4875000,500000),
('22222222-0000-0000-0000-000000000045','11111111-0000-0000-0000-000000000014','c0000000-0000-0000-0000-000000000006',15,155000,2325000,75000),
('22222222-0000-0000-0000-000000000101','11111111-0000-0000-0000-000000000014','c0000000-0000-0000-0000-000000000010',3,125000,425000,0);

-- Đơn 15: Vân Đồn – giao 11/03
INSERT INTO sales_orders VALUES ('11111111-0000-0000-0000-000000000015','SO-20260309-0003','d0000000-0000-0000-0000-000000000011','a0000000-0000-0000-0000-000000000001','delivered','2026-03-11',NULL,NULL,14350000,500000,374.0,0.63,'sufficient','within_limit',NULL,'b0000000-0000-0000-0000-000000000006',NULL,NULL,'2026-03-09 08:30:00+07','2026-03-11 15:00:00+07');
INSERT INTO order_items (id,order_id,product_id,quantity,unit_price,amount,deposit_amount) VALUES
('22222222-0000-0000-0000-000000000046','11111111-0000-0000-0000-000000000015','c0000000-0000-0000-0000-000000000001',40,185000,7400000,200000),
('22222222-0000-0000-0000-000000000047','11111111-0000-0000-0000-000000000015','c0000000-0000-0000-0000-000000000008',20,205000,4100000,100000),
('22222222-0000-0000-0000-000000000048','11111111-0000-0000-0000-000000000015','c0000000-0000-0000-0000-000000000009',15,125000,1875000,45000),
('22222222-0000-0000-0000-000000000049','11111111-0000-0000-0000-000000000015','c0000000-0000-0000-0000-000000000014',10,75000,750000,0),
('22222222-0000-0000-0000-000000000102','11111111-0000-0000-0000-000000000015','c0000000-0000-0000-0000-000000000011',5,48000,225000,155000);

-- Đơn 16: Mạo Khê – giao 10/03
INSERT INTO sales_orders VALUES ('11111111-0000-0000-0000-000000000016','SO-20260308-0005','d0000000-0000-0000-0000-000000000018','a0000000-0000-0000-0000-000000000001','delivered','2026-03-10',NULL,NULL,11100000,300000,255.0,0.45,'sufficient','within_limit',NULL,'b0000000-0000-0000-0000-000000000002',NULL,NULL,'2026-03-08 14:00:00+07','2026-03-10 14:00:00+07');
INSERT INTO order_items (id,order_id,product_id,quantity,unit_price,amount,deposit_amount) VALUES
('22222222-0000-0000-0000-000000000050','11111111-0000-0000-0000-000000000016','c0000000-0000-0000-0000-000000000001',60,185000,11100000,300000);

-- Đơn 17: Cửa Ông – giao 11/03
INSERT INTO sales_orders VALUES ('11111111-0000-0000-0000-000000000017','SO-20260309-0004','d0000000-0000-0000-0000-000000000019','a0000000-0000-0000-0000-000000000001','delivered','2026-03-11',NULL,NULL,15050000,600000,356.0,0.60,'sufficient','within_limit',NULL,'b0000000-0000-0000-0000-000000000006',NULL,NULL,'2026-03-09 14:00:00+07','2026-03-11 16:00:00+07');
INSERT INTO order_items (id,order_id,product_id,quantity,unit_price,amount,deposit_amount) VALUES
('22222222-0000-0000-0000-000000000051','11111111-0000-0000-0000-000000000017','c0000000-0000-0000-0000-000000000001',50,185000,9250000,250000),
('22222222-0000-0000-0000-000000000052','11111111-0000-0000-0000-000000000017','c0000000-0000-0000-0000-000000000005',20,225000,4500000,100000),
('22222222-0000-0000-0000-000000000053','11111111-0000-0000-0000-000000000017','c0000000-0000-0000-0000-000000000014',15,75000,1125000,0),
('22222222-0000-0000-0000-000000000103','11111111-0000-0000-0000-000000000017','c0000000-0000-0000-0000-000000000011',4,48000,175000,250000);

-- Đơn 18: Giếng Đáy – giao 10/03
INSERT INTO sales_orders VALUES ('11111111-0000-0000-0000-000000000018','SO-20260308-0006','d0000000-0000-0000-0000-000000000016','a0000000-0000-0000-0000-000000000001','delivered','2026-03-10',NULL,NULL,13875000,475000,333.0,0.55,'sufficient','within_limit',NULL,'b0000000-0000-0000-0000-000000000003',NULL,NULL,'2026-03-08 10:00:00+07','2026-03-10 15:00:00+07');
INSERT INTO order_items (id,order_id,product_id,quantity,unit_price,amount,deposit_amount) VALUES
('22222222-0000-0000-0000-000000000054','11111111-0000-0000-0000-000000000018','c0000000-0000-0000-0000-000000000001',50,185000,9250000,250000),
('22222222-0000-0000-0000-000000000055','11111111-0000-0000-0000-000000000018','c0000000-0000-0000-0000-000000000005',20,225000,4500000,225000);

-- Đơn 19: Hà Khánh – giao 10/03
INSERT INTO sales_orders VALUES ('11111111-0000-0000-0000-000000000019','SO-20260308-0007','d0000000-0000-0000-0000-000000000017','a0000000-0000-0000-0000-000000000001','delivered','2026-03-10',NULL,NULL,11100000,350000,255.0,0.45,'sufficient','within_limit',NULL,'b0000000-0000-0000-0000-000000000002',NULL,NULL,'2026-03-08 11:00:00+07','2026-03-10 15:30:00+07');
INSERT INTO order_items (id,order_id,product_id,quantity,unit_price,amount,deposit_amount) VALUES
('22222222-0000-0000-0000-000000000056','11111111-0000-0000-0000-000000000019','c0000000-0000-0000-0000-000000000001',60,185000,11100000,350000);

-- Đơn 20: Tiên Yên – giao 11/03
INSERT INTO sales_orders VALUES ('11111111-0000-0000-0000-000000000020','SO-20260309-0005','d0000000-0000-0000-0000-000000000012','a0000000-0000-0000-0000-000000000001','delivered','2026-03-11',NULL,NULL,20750000,850000,493.0,0.84,'sufficient','within_limit',NULL,'b0000000-0000-0000-0000-000000000003',NULL,NULL,'2026-03-09 09:00:00+07','2026-03-11 16:30:00+07');
INSERT INTO order_items (id,order_id,product_id,quantity,unit_price,amount,deposit_amount) VALUES
('22222222-0000-0000-0000-000000000057','11111111-0000-0000-0000-000000000020','c0000000-0000-0000-0000-000000000001',60,185000,11100000,300000),
('22222222-0000-0000-0000-000000000058','11111111-0000-0000-0000-000000000020','c0000000-0000-0000-0000-000000000004',30,175000,5250000,300000),
('22222222-0000-0000-0000-000000000059','11111111-0000-0000-0000-000000000020','c0000000-0000-0000-0000-000000000006',20,155000,3100000,100000),
('22222222-0000-0000-0000-000000000104','11111111-0000-0000-0000-000000000020','c0000000-0000-0000-0000-000000000014',15,75000,1300000,150000);

-- ---------- 11-12/03 — ĐÃ GIAO (delivered) ----------
-- Đơn 21: Bãi Cháy – giao 12/03
INSERT INTO sales_orders VALUES ('11111111-0000-0000-0000-000000000021','SO-20260310-0001','d0000000-0000-0000-0000-000000000001','a0000000-0000-0000-0000-000000000001','delivered','2026-03-12',NULL,NULL,22200000,700000,510.0,0.90,'sufficient','within_limit',NULL,'b0000000-0000-0000-0000-000000000003',NULL,NULL,'2026-03-10 08:30:00+07','2026-03-12 16:00:00+07');
INSERT INTO order_items (id,order_id,product_id,quantity,unit_price,amount,deposit_amount) VALUES
('22222222-0000-0000-0000-000000000060','11111111-0000-0000-0000-000000000021','c0000000-0000-0000-0000-000000000001',80,185000,14800000,400000),
('22222222-0000-0000-0000-000000000061','11111111-0000-0000-0000-000000000021','c0000000-0000-0000-0000-000000000005',30,225000,6750000,150000),
('22222222-0000-0000-0000-000000000062','11111111-0000-0000-0000-000000000021','c0000000-0000-0000-0000-000000000009',5,125000,625000,15000),
('22222222-0000-0000-0000-000000000105','11111111-0000-0000-0000-000000000021','c0000000-0000-0000-0000-000000000010',1,125000,25000,135000);

-- Đơn 22: Hạ Long Center – giao 12/03
INSERT INTO sales_orders VALUES ('11111111-0000-0000-0000-000000000022','SO-20260310-0002','d0000000-0000-0000-0000-000000000013','a0000000-0000-0000-0000-000000000001','delivered','2026-03-12',NULL,NULL,57500000,2000000,1380.0,2.30,'sufficient','within_limit',NULL,'b0000000-0000-0000-0000-000000000003',NULL,NULL,'2026-03-10 09:00:00+07','2026-03-12 16:30:00+07');
INSERT INTO order_items (id,order_id,product_id,quantity,unit_price,amount,deposit_amount) VALUES
('22222222-0000-0000-0000-000000000063','11111111-0000-0000-0000-000000000022','c0000000-0000-0000-0000-000000000001',150,185000,27750000,750000),
('22222222-0000-0000-0000-000000000064','11111111-0000-0000-0000-000000000022','c0000000-0000-0000-0000-000000000002',60,245000,14700000,300000),
('22222222-0000-0000-0000-000000000065','11111111-0000-0000-0000-000000000022','c0000000-0000-0000-0000-000000000005',50,225000,11250000,250000),
('22222222-0000-0000-0000-000000000066','11111111-0000-0000-0000-000000000022','c0000000-0000-0000-0000-000000000007',5,650000,3250000,500000),
('22222222-0000-0000-0000-000000000106','11111111-0000-0000-0000-000000000022','c0000000-0000-0000-0000-000000000010',4,125000,550000,200000);

-- Đơn 23: Móng Cái – giao 12/03
INSERT INTO sales_orders VALUES ('11111111-0000-0000-0000-000000000023','SO-20260310-0003','d0000000-0000-0000-0000-000000000005','a0000000-0000-0000-0000-000000000001','delivered','2026-03-12',NULL,NULL,31050000,1200000,735.0,1.26,'sufficient','within_limit',NULL,'b0000000-0000-0000-0000-000000000002',NULL,NULL,'2026-03-10 10:00:00+07','2026-03-12 17:00:00+07');
INSERT INTO order_items (id,order_id,product_id,quantity,unit_price,amount,deposit_amount) VALUES
('22222222-0000-0000-0000-000000000067','11111111-0000-0000-0000-000000000023','c0000000-0000-0000-0000-000000000001',80,185000,14800000,400000),
('22222222-0000-0000-0000-000000000068','11111111-0000-0000-0000-000000000023','c0000000-0000-0000-0000-000000000002',40,245000,9800000,200000),
('22222222-0000-0000-0000-000000000069','11111111-0000-0000-0000-000000000023','c0000000-0000-0000-0000-000000000005',20,225000,4500000,100000),
('22222222-0000-0000-0000-000000000070','11111111-0000-0000-0000-000000000023','c0000000-0000-0000-0000-000000000015',8,235000,1880000,500000);

-- Đơn 24: NPP Ngô Quyền HP – giao 12/03 (kho HP)
INSERT INTO sales_orders VALUES ('11111111-0000-0000-0000-000000000024','SO-20260310-0004','d0000000-0000-0000-0000-000000000020','a0000000-0000-0000-0000-000000000001','delivered','2026-03-12',NULL,NULL,18250000,650000,438.0,0.73,'sufficient','within_limit',NULL,'b0000000-0000-0000-0000-000000000003',NULL,NULL,'2026-03-10 14:00:00+07','2026-03-12 15:00:00+07');
INSERT INTO order_items (id,order_id,product_id,quantity,unit_price,amount,deposit_amount) VALUES
('22222222-0000-0000-0000-000000000071','11111111-0000-0000-0000-000000000024','c0000000-0000-0000-0000-000000000001',60,185000,11100000,300000),
('22222222-0000-0000-0000-000000000072','11111111-0000-0000-0000-000000000024','c0000000-0000-0000-0000-000000000005',25,225000,5625000,125000),
('22222222-0000-0000-0000-000000000073','11111111-0000-0000-0000-000000000024','c0000000-0000-0000-0000-000000000009',10,125000,1250000,30000),
('22222222-0000-0000-0000-000000000107','11111111-0000-0000-0000-000000000024','c0000000-0000-0000-0000-000000000014',4,75000,275000,195000);

-- ---------- 12-13/03 — ĐÃ HỦY ----------
-- Đơn 25: NPP Hạ Long Center – quá hạn mức (cancelled)
INSERT INTO sales_orders VALUES ('11111111-0000-0000-0000-000000000025','SO-20260311-0001','d0000000-0000-0000-0000-000000000013','a0000000-0000-0000-0000-000000000001','cancelled','2026-03-13',NULL,NULL,187500000,5000000,4250.0,7.50,'sufficient','exceeded','Vượt hạn mức công nợ quá cao, không duyệt','b0000000-0000-0000-0000-000000000003',NULL,NULL,'2026-03-11 08:00:00+07','2026-03-11 14:00:00+07');
INSERT INTO order_items (id,order_id,product_id,quantity,unit_price,amount,deposit_amount) VALUES
('22222222-0000-0000-0000-000000000074','11111111-0000-0000-0000-000000000025','c0000000-0000-0000-0000-000000000001',500,185000,92500000,2500000),
('22222222-0000-0000-0000-000000000075','11111111-0000-0000-0000-000000000025','c0000000-0000-0000-0000-000000000002',300,245000,73500000,1500000),
('22222222-0000-0000-0000-000000000076','11111111-0000-0000-0000-000000000025','c0000000-0000-0000-0000-000000000007',10,650000,6500000,500000),
('22222222-0000-0000-0000-000000000077','11111111-0000-0000-0000-000000000025','c0000000-0000-0000-0000-000000000015',60,235000,14100000,300000),
('22222222-0000-0000-0000-000000000108','11111111-0000-0000-0000-000000000025','c0000000-0000-0000-0000-000000000010',7,125000,900000,200000);

-- Đơn 26: NPP Kiến An – khách hủy (cancelled)
INSERT INTO sales_orders VALUES ('11111111-0000-0000-0000-000000000026','SO-20260312-0005','d0000000-0000-0000-0000-000000000009','a0000000-0000-0000-0000-000000000001','cancelled','2026-03-14',NULL,NULL,9250000,250000,255.0,0.45,'sufficient','exceeded','Khách hàng yêu cầu hủy do thay đổi kế hoạch','b0000000-0000-0000-0000-000000000002',NULL,NULL,'2026-03-12 15:00:00+07','2026-03-12 16:30:00+07');
INSERT INTO order_items (id,order_id,product_id,quantity,unit_price,amount,deposit_amount) VALUES
('22222222-0000-0000-0000-000000000078','11111111-0000-0000-0000-000000000026','c0000000-0000-0000-0000-000000000001',50,185000,9250000,250000);

-- ---------- HÔM NAY 14/03 — ĐANG GIAO (shipped) ----------
-- Đơn 27: Bãi Cháy – đang giao
INSERT INTO sales_orders VALUES ('11111111-0000-0000-0000-000000000027','SO-20260312-0001','d0000000-0000-0000-0000-000000000001','a0000000-0000-0000-0000-000000000001','shipped','2026-03-14',NULL,NULL,36750000,1200000,870.0,1.43,'sufficient','within_limit',NULL,'b0000000-0000-0000-0000-000000000003',NULL,NULL,'2026-03-12 14:30:00+07','2026-03-14 07:30:00+07');
INSERT INTO order_items (id,order_id,product_id,quantity,unit_price,amount,deposit_amount) VALUES
('22222222-0000-0000-0000-000000000079','11111111-0000-0000-0000-000000000027','c0000000-0000-0000-0000-000000000001',120,185000,22200000,600000),
('22222222-0000-0000-0000-000000000080','11111111-0000-0000-0000-000000000027','c0000000-0000-0000-0000-000000000005',50,225000,11250000,250000),
('22222222-0000-0000-0000-000000000081','11111111-0000-0000-0000-000000000027','c0000000-0000-0000-0000-000000000009',20,125000,2500000,100000),
('22222222-0000-0000-0000-000000000109','11111111-0000-0000-0000-000000000027','c0000000-0000-0000-0000-000000000014',10,75000,750000,0),
('22222222-0000-0000-0000-000000000110','11111111-0000-0000-0000-000000000027','c0000000-0000-0000-0000-000000000011',1,48000,50000,250000);

-- Đơn 28: Hòn Gai – đang giao
INSERT INTO sales_orders VALUES ('11111111-0000-0000-0000-000000000028','SO-20260312-0002','d0000000-0000-0000-0000-000000000002','a0000000-0000-0000-0000-000000000001','shipped','2026-03-14',NULL,NULL,28650000,1050000,694.0,1.19,'sufficient','within_limit',NULL,'b0000000-0000-0000-0000-000000000002',NULL,NULL,'2026-03-12 15:00:00+07','2026-03-14 07:30:00+07');
INSERT INTO order_items (id,order_id,product_id,quantity,unit_price,amount,deposit_amount) VALUES
('22222222-0000-0000-0000-000000000082','11111111-0000-0000-0000-000000000028','c0000000-0000-0000-0000-000000000002',40,245000,9800000,200000),
('22222222-0000-0000-0000-000000000083','11111111-0000-0000-0000-000000000028','c0000000-0000-0000-0000-000000000003',50,195000,9750000,500000),
('22222222-0000-0000-0000-000000000084','11111111-0000-0000-0000-000000000028','c0000000-0000-0000-0000-000000000008',30,205000,6150000,150000),
('22222222-0000-0000-0000-000000000085','11111111-0000-0000-0000-000000000028','c0000000-0000-0000-0000-000000000015',10,235000,2350000,50000),
('22222222-0000-0000-0000-000000000111','11111111-0000-0000-0000-000000000028','c0000000-0000-0000-0000-000000000010',5,125000,600000,150000);

-- Đơn 29: Hạ Long Center – đang giao
INSERT INTO sales_orders VALUES ('11111111-0000-0000-0000-000000000029','SO-20260312-0003','d0000000-0000-0000-0000-000000000013','a0000000-0000-0000-0000-000000000001','shipped','2026-03-14',NULL,NULL,62850000,2200000,1530.0,2.55,'sufficient','within_limit',NULL,'b0000000-0000-0000-0000-000000000003',NULL,NULL,'2026-03-12 16:00:00+07','2026-03-14 07:30:00+07');
INSERT INTO order_items (id,order_id,product_id,quantity,unit_price,amount,deposit_amount) VALUES
('22222222-0000-0000-0000-000000000086','11111111-0000-0000-0000-000000000029','c0000000-0000-0000-0000-000000000001',200,185000,37000000,1000000),
('22222222-0000-0000-0000-000000000087','11111111-0000-0000-0000-000000000029','c0000000-0000-0000-0000-000000000005',80,225000,18000000,400000),
('22222222-0000-0000-0000-000000000088','11111111-0000-0000-0000-000000000029','c0000000-0000-0000-0000-000000000007',5,650000,3250000,500000),
('22222222-0000-0000-0000-000000000089','11111111-0000-0000-0000-000000000029','c0000000-0000-0000-0000-000000000013',20,265000,5300000,300000);

-- Đơn 30: Giếng Đáy – đang giao
INSERT INTO sales_orders VALUES ('11111111-0000-0000-0000-000000000030','SO-20260312-0004','d0000000-0000-0000-0000-000000000016','a0000000-0000-0000-0000-000000000001','shipped','2026-03-14',NULL,NULL,14800000,400000,340.0,0.60,'sufficient','within_limit',NULL,'b0000000-0000-0000-0000-000000000006',NULL,NULL,'2026-03-12 16:30:00+07','2026-03-14 07:30:00+07');
INSERT INTO order_items (id,order_id,product_id,quantity,unit_price,amount,deposit_amount) VALUES
('22222222-0000-0000-0000-000000000090','11111111-0000-0000-0000-000000000030','c0000000-0000-0000-0000-000000000001',80,185000,14800000,400000);

-- Đơn 31: Hà Khánh – đang giao
INSERT INTO sales_orders VALUES ('11111111-0000-0000-0000-000000000031','SO-20260313-0006','d0000000-0000-0000-0000-000000000017','a0000000-0000-0000-0000-000000000001','shipped','2026-03-14',NULL,NULL,18850000,650000,437.0,0.75,'sufficient','within_limit',NULL,'b0000000-0000-0000-0000-000000000002',NULL,NULL,'2026-03-13 08:00:00+07','2026-03-14 07:30:00+07');
INSERT INTO order_items (id,order_id,product_id,quantity,unit_price,amount,deposit_amount) VALUES
('22222222-0000-0000-0000-000000000091','11111111-0000-0000-0000-000000000031','c0000000-0000-0000-0000-000000000001',60,185000,11100000,300000),
('22222222-0000-0000-0000-000000000092','11111111-0000-0000-0000-000000000031','c0000000-0000-0000-0000-000000000005',25,225000,5625000,125000),
('22222222-0000-0000-0000-000000000093','11111111-0000-0000-0000-000000000031','c0000000-0000-0000-0000-000000000012',10,210000,2100000,75000),
('22222222-0000-0000-0000-000000000112','11111111-0000-0000-0000-000000000031','c0000000-0000-0000-0000-000000000014',1,75000,25000,150000);

-- ---------- NGÀY MAI 15/03 — CONFIRMED (chờ lập KH VRP) ----------
-- Đơn 32-41: 10 đơn cho ngày 15/03

INSERT INTO sales_orders VALUES ('11111111-0000-0000-0000-000000000032','SO-20260313-0001','d0000000-0000-0000-0000-000000000004','a0000000-0000-0000-0000-000000000001','confirmed','2026-03-15',NULL,NULL,33250000,1400000,819.0,1.38,'sufficient','within_limit',NULL,'b0000000-0000-0000-0000-000000000003',NULL,NULL,'2026-03-13 08:30:00+07','2026-03-13 08:30:00+07');
INSERT INTO order_items (id,order_id,product_id,quantity,unit_price,amount,deposit_amount) VALUES
('22222222-0000-0000-0000-000000000113','11111111-0000-0000-0000-000000000032','c0000000-0000-0000-0000-000000000001',80,185000,14800000,400000),
('22222222-0000-0000-0000-000000000114','11111111-0000-0000-0000-000000000032','c0000000-0000-0000-0000-000000000004',40,175000,7000000,400000),
('22222222-0000-0000-0000-000000000115','11111111-0000-0000-0000-000000000032','c0000000-0000-0000-0000-000000000005',30,225000,6750000,150000),
('22222222-0000-0000-0000-000000000116','11111111-0000-0000-0000-000000000032','c0000000-0000-0000-0000-000000000012',20,210000,4200000,100000),
('22222222-0000-0000-0000-000000000117','11111111-0000-0000-0000-000000000032','c0000000-0000-0000-0000-000000000010',4,125000,500000,350000);

INSERT INTO sales_orders VALUES ('11111111-0000-0000-0000-000000000033','SO-20260313-0002','d0000000-0000-0000-0000-000000000011','a0000000-0000-0000-0000-000000000001','confirmed','2026-03-15',NULL,NULL,14750000,650000,356.0,0.60,'sufficient','within_limit',NULL,'b0000000-0000-0000-0000-000000000002',NULL,NULL,'2026-03-13 09:00:00+07','2026-03-13 09:00:00+07');
INSERT INTO order_items (id,order_id,product_id,quantity,unit_price,amount,deposit_amount) VALUES
('22222222-0000-0000-0000-000000000118','11111111-0000-0000-0000-000000000033','c0000000-0000-0000-0000-000000000001',50,185000,9250000,250000),
('22222222-0000-0000-0000-000000000119','11111111-0000-0000-0000-000000000033','c0000000-0000-0000-0000-000000000008',20,205000,4100000,100000),
('22222222-0000-0000-0000-000000000120','11111111-0000-0000-0000-000000000033','c0000000-0000-0000-0000-000000000009',10,125000,1250000,50000),
('22222222-0000-0000-0000-000000000121','11111111-0000-0000-0000-000000000033','c0000000-0000-0000-0000-000000000014',2,75000,150000,250000);

INSERT INTO sales_orders VALUES ('11111111-0000-0000-0000-000000000034','SO-20260313-0003','d0000000-0000-0000-0000-000000000005','a0000000-0000-0000-0000-000000000001','confirmed','2026-03-15',NULL,NULL,41700000,1750000,1040.0,1.73,'sufficient','within_limit',NULL,'b0000000-0000-0000-0000-000000000003',NULL,NULL,'2026-03-13 10:30:00+07','2026-03-13 10:30:00+07');
INSERT INTO order_items (id,order_id,product_id,quantity,unit_price,amount,deposit_amount) VALUES
('22222222-0000-0000-0000-000000000122','11111111-0000-0000-0000-000000000034','c0000000-0000-0000-0000-000000000001',100,185000,18500000,500000),
('22222222-0000-0000-0000-000000000123','11111111-0000-0000-0000-000000000034','c0000000-0000-0000-0000-000000000002',50,245000,12250000,250000),
('22222222-0000-0000-0000-000000000124','11111111-0000-0000-0000-000000000034','c0000000-0000-0000-0000-000000000005',20,225000,4500000,100000),
('22222222-0000-0000-0000-000000000125','11111111-0000-0000-0000-000000000034','c0000000-0000-0000-0000-000000000007',5,650000,3250000,500000),
('22222222-0000-0000-0000-000000000126','11111111-0000-0000-0000-000000000034','c0000000-0000-0000-0000-000000000008',15,205000,3075000,300000),
('22222222-0000-0000-0000-000000000127','11111111-0000-0000-0000-000000000034','c0000000-0000-0000-0000-000000000009',1,125000,125000,100000);

INSERT INTO sales_orders VALUES ('11111111-0000-0000-0000-000000000035','SO-20260313-0004','d0000000-0000-0000-0000-000000000012','a0000000-0000-0000-0000-000000000001','confirmed','2026-03-15',NULL,NULL,18400000,1100000,453.0,0.76,'sufficient','within_limit',NULL,'b0000000-0000-0000-0000-000000000002',NULL,NULL,'2026-03-13 11:00:00+07','2026-03-13 11:00:00+07');
INSERT INTO order_items (id,order_id,product_id,quantity,unit_price,amount,deposit_amount) VALUES
('22222222-0000-0000-0000-000000000128','11111111-0000-0000-0000-000000000035','c0000000-0000-0000-0000-000000000003',40,195000,7800000,800000),
('22222222-0000-0000-0000-000000000129','11111111-0000-0000-0000-000000000035','c0000000-0000-0000-0000-000000000004',30,175000,5250000,300000),
('22222222-0000-0000-0000-000000000130','11111111-0000-0000-0000-000000000035','c0000000-0000-0000-0000-000000000006',20,155000,3100000,0),
('22222222-0000-0000-0000-000000000131','11111111-0000-0000-0000-000000000035','c0000000-0000-0000-0000-000000000014',30,75000,2250000,0);

INSERT INTO sales_orders VALUES ('11111111-0000-0000-0000-000000000036','SO-20260313-0005','d0000000-0000-0000-0000-000000000001','a0000000-0000-0000-0000-000000000001','confirmed','2026-03-15',NULL,NULL,21950000,650000,505.0,0.84,'sufficient','within_limit',NULL,'b0000000-0000-0000-0000-000000000003',NULL,NULL,'2026-03-13 14:00:00+07','2026-03-13 14:00:00+07');
INSERT INTO order_items (id,order_id,product_id,quantity,unit_price,amount,deposit_amount) VALUES
('22222222-0000-0000-0000-000000000132','11111111-0000-0000-0000-000000000036','c0000000-0000-0000-0000-000000000001',60,185000,11100000,300000),
('22222222-0000-0000-0000-000000000133','11111111-0000-0000-0000-000000000036','c0000000-0000-0000-0000-000000000005',30,225000,6750000,150000),
('22222222-0000-0000-0000-000000000134','11111111-0000-0000-0000-000000000036','c0000000-0000-0000-0000-000000000003',20,195000,3900000,200000);

INSERT INTO sales_orders VALUES ('11111111-0000-0000-0000-000000000037','SO-20260314-0001','d0000000-0000-0000-0000-000000000002','a0000000-0000-0000-0000-000000000001','confirmed','2026-03-15',NULL,NULL,25550000,950000,614.0,1.04,'sufficient','within_limit',NULL,'b0000000-0000-0000-0000-000000000003',NULL,NULL,'2026-03-14 08:00:00+07','2026-03-14 08:00:00+07');
INSERT INTO order_items (id,order_id,product_id,quantity,unit_price,amount,deposit_amount) VALUES
('22222222-0000-0000-0000-000000000135','11111111-0000-0000-0000-000000000037','c0000000-0000-0000-0000-000000000001',70,185000,12950000,350000),
('22222222-0000-0000-0000-000000000136','11111111-0000-0000-0000-000000000037','c0000000-0000-0000-0000-000000000002',30,245000,7350000,150000),
('22222222-0000-0000-0000-000000000137','11111111-0000-0000-0000-000000000037','c0000000-0000-0000-0000-000000000008',20,205000,4100000,100000),
('22222222-0000-0000-0000-000000000138','11111111-0000-0000-0000-000000000037','c0000000-0000-0000-0000-000000000010',8,125000,1000000,100000),
('22222222-0000-0000-0000-000000000139','11111111-0000-0000-0000-000000000037','c0000000-0000-0000-0000-000000000014',2,75000,150000,250000);

INSERT INTO sales_orders VALUES ('11111111-0000-0000-0000-000000000038','SO-20260314-0004','d0000000-0000-0000-0000-000000000006','a0000000-0000-0000-0000-000000000001','confirmed','2026-03-15',NULL,NULL,16550000,500000,397.0,0.67,'sufficient','within_limit',NULL,'b0000000-0000-0000-0000-000000000006',NULL,NULL,'2026-03-14 08:30:00+07','2026-03-14 08:30:00+07');
INSERT INTO order_items (id,order_id,product_id,quantity,unit_price,amount,deposit_amount) VALUES
('22222222-0000-0000-0000-000000000140','11111111-0000-0000-0000-000000000038','c0000000-0000-0000-0000-000000000001',50,185000,9250000,250000),
('22222222-0000-0000-0000-000000000141','11111111-0000-0000-0000-000000000038','c0000000-0000-0000-0000-000000000005',20,225000,4500000,100000),
('22222222-0000-0000-0000-000000000142','11111111-0000-0000-0000-000000000038','c0000000-0000-0000-0000-000000000006',15,155000,2325000,75000),
('22222222-0000-0000-0000-000000000143','11111111-0000-0000-0000-000000000038','c0000000-0000-0000-0000-000000000014',5,75000,375000,0),
('22222222-0000-0000-0000-000000000144','11111111-0000-0000-0000-000000000038','c0000000-0000-0000-0000-000000000011',2,48000,100000,75000);

INSERT INTO sales_orders VALUES ('11111111-0000-0000-0000-000000000039','SO-20260314-0005','d0000000-0000-0000-0000-000000000007','a0000000-0000-0000-0000-000000000001','confirmed','2026-03-15',NULL,NULL,13750000,425000,340.0,0.57,'sufficient','within_limit',NULL,'b0000000-0000-0000-0000-000000000003',NULL,NULL,'2026-03-14 09:00:00+07','2026-03-14 09:00:00+07');
INSERT INTO order_items (id,order_id,product_id,quantity,unit_price,amount,deposit_amount) VALUES
('22222222-0000-0000-0000-000000000145','11111111-0000-0000-0000-000000000039','c0000000-0000-0000-0000-000000000001',40,185000,7400000,200000),
('22222222-0000-0000-0000-000000000146','11111111-0000-0000-0000-000000000039','c0000000-0000-0000-0000-000000000003',20,195000,3900000,200000),
('22222222-0000-0000-0000-000000000147','11111111-0000-0000-0000-000000000039','c0000000-0000-0000-0000-000000000009',15,125000,1875000,0),
('22222222-0000-0000-0000-000000000148','11111111-0000-0000-0000-000000000039','c0000000-0000-0000-0000-000000000014',8,75000,600000,25000);

INSERT INTO sales_orders VALUES ('11111111-0000-0000-0000-000000000040','SO-20260314-0006','d0000000-0000-0000-0000-000000000018','a0000000-0000-0000-0000-000000000001','confirmed','2026-03-15',NULL,NULL,18900000,550000,459.0,0.77,'sufficient','within_limit',NULL,'b0000000-0000-0000-0000-000000000002',NULL,NULL,'2026-03-14 09:30:00+07','2026-03-14 09:30:00+07');
INSERT INTO order_items (id,order_id,product_id,quantity,unit_price,amount,deposit_amount) VALUES
('22222222-0000-0000-0000-000000000149','11111111-0000-0000-0000-000000000040','c0000000-0000-0000-0000-000000000001',60,185000,11100000,300000),
('22222222-0000-0000-0000-000000000150','11111111-0000-0000-0000-000000000040','c0000000-0000-0000-0000-000000000002',20,245000,4900000,100000),
('22222222-0000-0000-0000-000000000151','11111111-0000-0000-0000-000000000040','c0000000-0000-0000-0000-000000000006',15,155000,2325000,75000),
('22222222-0000-0000-0000-000000000152','11111111-0000-0000-0000-000000000040','c0000000-0000-0000-0000-000000000014',8,75000,575000,75000);

INSERT INTO sales_orders VALUES ('11111111-0000-0000-0000-000000000041','SO-20260314-0007','d0000000-0000-0000-0000-000000000019','a0000000-0000-0000-0000-000000000001','confirmed','2026-03-15',NULL,NULL,11475000,350000,280.0,0.47,'sufficient','within_limit',NULL,'b0000000-0000-0000-0000-000000000006',NULL,NULL,'2026-03-14 10:00:00+07','2026-03-14 10:00:00+07');
INSERT INTO order_items (id,order_id,product_id,quantity,unit_price,amount,deposit_amount) VALUES
('22222222-0000-0000-0000-000000000153','11111111-0000-0000-0000-000000000041','c0000000-0000-0000-0000-000000000001',40,185000,7400000,200000),
('22222222-0000-0000-0000-000000000154','11111111-0000-0000-0000-000000000041','c0000000-0000-0000-0000-000000000008',15,205000,3075000,75000),
('22222222-0000-0000-0000-000000000155','11111111-0000-0000-0000-000000000041','c0000000-0000-0000-0000-000000000014',10,75000,750000,0),
('22222222-0000-0000-0000-000000000156','11111111-0000-0000-0000-000000000041','c0000000-0000-0000-0000-000000000011',5,48000,250000,75000);

-- ---------- PENDING APPROVAL (3 đơn chờ kế toán duyệt) ----------
-- Đơn 42: Uông Bí – vượt hạn mức
INSERT INTO sales_orders VALUES ('11111111-0000-0000-0000-000000000042','SO-20260314-0002','d0000000-0000-0000-0000-000000000003','a0000000-0000-0000-0000-000000000001','pending_approval','2026-03-16',NULL,NULL,35750000,1350000,843.0,1.42,'sufficient','exceeded','Đơn bổ sung cho event khai trương – cần duyệt công nợ','b0000000-0000-0000-0000-000000000003',NULL,NULL,'2026-03-14 09:30:00+07','2026-03-14 09:30:00+07');
INSERT INTO order_items (id,order_id,product_id,quantity,unit_price,amount,deposit_amount) VALUES
('22222222-0000-0000-0000-000000000157','11111111-0000-0000-0000-000000000042','c0000000-0000-0000-0000-000000000001',100,185000,18500000,500000),
('22222222-0000-0000-0000-000000000158','11111111-0000-0000-0000-000000000042','c0000000-0000-0000-0000-000000000005',50,225000,11250000,250000),
('22222222-0000-0000-0000-000000000159','11111111-0000-0000-0000-000000000042','c0000000-0000-0000-0000-000000000007',3,650000,1950000,300000),
('22222222-0000-0000-0000-000000000160','11111111-0000-0000-0000-000000000042','c0000000-0000-0000-0000-000000000008',15,205000,3075000,75000),
('22222222-0000-0000-0000-000000000161','11111111-0000-0000-0000-000000000042','c0000000-0000-0000-0000-000000000009',8,125000,1000000,225000);

-- Đơn 43: Kiến An – sát hạn mức
INSERT INTO sales_orders VALUES ('11111111-0000-0000-0000-000000000043','SO-20260314-0003','d0000000-0000-0000-0000-000000000009','a0000000-0000-0000-0000-000000000001','pending_approval','2026-03-16',NULL,NULL,15650000,550000,370.0,0.63,'sufficient','exceeded','NPP cần hàng trước Tết Xanh – xin nới hạn mức','b0000000-0000-0000-0000-000000000002',NULL,NULL,'2026-03-14 10:00:00+07','2026-03-14 10:00:00+07');
INSERT INTO order_items (id,order_id,product_id,quantity,unit_price,amount,deposit_amount) VALUES
('22222222-0000-0000-0000-000000000162','11111111-0000-0000-0000-000000000043','c0000000-0000-0000-0000-000000000001',50,185000,9250000,250000),
('22222222-0000-0000-0000-000000000163','11111111-0000-0000-0000-000000000043','c0000000-0000-0000-0000-000000000002',20,245000,4900000,100000),
('22222222-0000-0000-0000-000000000164','11111111-0000-0000-0000-000000000043','c0000000-0000-0000-0000-000000000014',20,75000,1500000,200000);

-- Đơn 44: Hạ Long Center – vượt hạn mức
INSERT INTO sales_orders VALUES ('11111111-0000-0000-0000-000000000044','SO-20260314-0008','d0000000-0000-0000-0000-000000000013','a0000000-0000-0000-0000-000000000001','pending_approval','2026-03-16',NULL,NULL,48250000,1500000,1152.0,1.92,'sufficient','exceeded','Đơn lớn cho sự kiện du lịch cuối tuần','b0000000-0000-0000-0000-000000000003',NULL,NULL,'2026-03-14 11:00:00+07','2026-03-14 11:00:00+07');
INSERT INTO order_items (id,order_id,product_id,quantity,unit_price,amount,deposit_amount) VALUES
('22222222-0000-0000-0000-000000000165','11111111-0000-0000-0000-000000000044','c0000000-0000-0000-0000-000000000001',120,185000,22200000,600000),
('22222222-0000-0000-0000-000000000166','11111111-0000-0000-0000-000000000044','c0000000-0000-0000-0000-000000000002',60,245000,14700000,300000),
('22222222-0000-0000-0000-000000000167','11111111-0000-0000-0000-000000000044','c0000000-0000-0000-0000-000000000005',40,225000,9000000,200000),
('22222222-0000-0000-0000-000000000168','11111111-0000-0000-0000-000000000044','c0000000-0000-0000-0000-000000000009',15,125000,1875000,45000),
('22222222-0000-0000-0000-000000000169','11111111-0000-0000-0000-000000000044','c0000000-0000-0000-0000-000000000014',6,75000,475000,355000);

-- ---------- DRAFT (2 đơn nháp chưa gửi) ----------
-- Đơn 45: Đồ Sơn – draft
INSERT INTO sales_orders VALUES ('11111111-0000-0000-0000-000000000045','SO-20260314-0009','d0000000-0000-0000-0000-000000000014','a0000000-0000-0000-0000-000000000001','draft','2026-03-16',NULL,NULL,11100000,300000,255.0,0.45,'pending','pending',NULL,'b0000000-0000-0000-0000-000000000002',NULL,NULL,'2026-03-14 14:00:00+07','2026-03-14 14:00:00+07');
INSERT INTO order_items (id,order_id,product_id,quantity,unit_price,amount,deposit_amount) VALUES
('22222222-0000-0000-0000-000000000170','11111111-0000-0000-0000-000000000045','c0000000-0000-0000-0000-000000000001',60,185000,11100000,300000);

-- Đơn 46: Thuỷ Nguyên – draft
INSERT INTO sales_orders VALUES ('11111111-0000-0000-0000-000000000046','SO-20260314-0010','d0000000-0000-0000-0000-000000000015','a0000000-0000-0000-0000-000000000001','draft','2026-03-16',NULL,NULL,16650000,500000,398.0,0.67,'pending','pending',NULL,'b0000000-0000-0000-0000-000000000006',NULL,NULL,'2026-03-14 14:30:00+07','2026-03-14 14:30:00+07');
INSERT INTO order_items (id,order_id,product_id,quantity,unit_price,amount,deposit_amount) VALUES
('22222222-0000-0000-0000-000000000171','11111111-0000-0000-0000-000000000046','c0000000-0000-0000-0000-000000000001',50,185000,9250000,250000),
('22222222-0000-0000-0000-000000000172','11111111-0000-0000-0000-000000000046','c0000000-0000-0000-0000-000000000005',25,225000,5625000,125000),
('22222222-0000-0000-0000-000000000173','11111111-0000-0000-0000-000000000046','c0000000-0000-0000-0000-000000000009',12,125000,1500000,36000),
('22222222-0000-0000-0000-000000000174','11111111-0000-0000-0000-000000000046','c0000000-0000-0000-0000-000000000014',4,75000,275000,89000);

-- ---------- ĐƠN DELIVERED MỚI NHẤT 13/03 (4 đơn nữa cho đủ 50) ----------
-- Đơn 47: Hải An HP – giao 13/03
INSERT INTO sales_orders VALUES ('11111111-0000-0000-0000-000000000047','SO-20260311-0002','d0000000-0000-0000-0000-000000000008','a0000000-0000-0000-0000-000000000001','delivered','2026-03-13',NULL,NULL,27800000,900000,667.0,1.11,'sufficient','within_limit',NULL,'b0000000-0000-0000-0000-000000000003',NULL,NULL,'2026-03-11 09:00:00+07','2026-03-13 15:00:00+07');
INSERT INTO order_items (id,order_id,product_id,quantity,unit_price,amount,deposit_amount) VALUES
('22222222-0000-0000-0000-000000000175','11111111-0000-0000-0000-000000000047','c0000000-0000-0000-0000-000000000001',80,185000,14800000,400000),
('22222222-0000-0000-0000-000000000176','11111111-0000-0000-0000-000000000047','c0000000-0000-0000-0000-000000000002',30,245000,7350000,150000),
('22222222-0000-0000-0000-000000000177','11111111-0000-0000-0000-000000000047','c0000000-0000-0000-0000-000000000005',20,225000,4500000,100000),
('22222222-0000-0000-0000-000000000178','11111111-0000-0000-0000-000000000047','c0000000-0000-0000-0000-000000000014',15,75000,1125000,0),
('22222222-0000-0000-0000-000000000179','11111111-0000-0000-0000-000000000047','c0000000-0000-0000-0000-000000000011',1,48000,25000,250000);

-- Đơn 48: Lê Chân HP – giao 13/03
INSERT INTO sales_orders VALUES ('11111111-0000-0000-0000-000000000048','SO-20260311-0003','d0000000-0000-0000-0000-000000000010','a0000000-0000-0000-0000-000000000001','delivered','2026-03-13',NULL,NULL,33200000,1000000,782.0,1.32,'sufficient','within_limit',NULL,'b0000000-0000-0000-0000-000000000002',NULL,NULL,'2026-03-11 10:00:00+07','2026-03-13 16:00:00+07');
INSERT INTO order_items (id,order_id,product_id,quantity,unit_price,amount,deposit_amount) VALUES
('22222222-0000-0000-0000-000000000180','11111111-0000-0000-0000-000000000048','c0000000-0000-0000-0000-000000000001',100,185000,18500000,500000),
('22222222-0000-0000-0000-000000000181','11111111-0000-0000-0000-000000000048','c0000000-0000-0000-0000-000000000003',40,195000,7800000,400000),
('22222222-0000-0000-0000-000000000182','11111111-0000-0000-0000-000000000048','c0000000-0000-0000-0000-000000000005',25,225000,5625000,0),
('22222222-0000-0000-0000-000000000183','11111111-0000-0000-0000-000000000048','c0000000-0000-0000-0000-000000000014',15,75000,1125000,0),
('22222222-0000-0000-0000-000000000184','11111111-0000-0000-0000-000000000048','c0000000-0000-0000-0000-000000000011',3,48000,150000,100000);

-- Đơn 49: Đồ Sơn – giao 13/03
INSERT INTO sales_orders VALUES ('11111111-0000-0000-0000-000000000049','SO-20260311-0004','d0000000-0000-0000-0000-000000000014','a0000000-0000-0000-0000-000000000001','delivered','2026-03-13',NULL,NULL,14800000,400000,340.0,0.60,'sufficient','within_limit',NULL,'b0000000-0000-0000-0000-000000000006',NULL,NULL,'2026-03-11 14:00:00+07','2026-03-13 15:30:00+07');
INSERT INTO order_items (id,order_id,product_id,quantity,unit_price,amount,deposit_amount) VALUES
('22222222-0000-0000-0000-000000000185','11111111-0000-0000-0000-000000000049','c0000000-0000-0000-0000-000000000001',80,185000,14800000,400000);

-- Đơn 50: Thuỷ Nguyên – giao 13/03
INSERT INTO sales_orders VALUES ('11111111-0000-0000-0000-000000000050','SO-20260311-0005','d0000000-0000-0000-0000-000000000015','a0000000-0000-0000-0000-000000000001','delivered','2026-03-13',NULL,NULL,20625000,700000,505.0,0.84,'sufficient','within_limit',NULL,'b0000000-0000-0000-0000-000000000003',NULL,NULL,'2026-03-11 15:00:00+07','2026-03-13 16:30:00+07');
INSERT INTO order_items (id,order_id,product_id,quantity,unit_price,amount,deposit_amount) VALUES
('22222222-0000-0000-0000-000000000186','11111111-0000-0000-0000-000000000050','c0000000-0000-0000-0000-000000000001',60,185000,11100000,300000),
('22222222-0000-0000-0000-000000000187','11111111-0000-0000-0000-000000000050','c0000000-0000-0000-0000-000000000005',30,225000,6750000,150000),
('22222222-0000-0000-0000-000000000188','11111111-0000-0000-0000-000000000050','c0000000-0000-0000-0000-000000000003',15,195000,2925000,150000);

-- ============================================================
-- SHIPMENTS
-- ============================================================
-- Shipments đã giao (cho đơn 9-10, 13-14, 21-24, 47-50 delivered gần nhất)
INSERT INTO shipments (id,shipment_number,order_id,customer_id,warehouse_id,status,delivery_date,total_weight_kg,total_volume_m3,items) VALUES
('33333333-0000-0000-0000-000000000001','SH-20260308-0001','11111111-0000-0000-0000-000000000009','d0000000-0000-0000-0000-000000000001','a0000000-0000-0000-0000-000000000001','delivered','2026-03-10',680.0,1.13,'[]'),
('33333333-0000-0000-0000-000000000002','SH-20260308-0002','11111111-0000-0000-0000-000000000010','d0000000-0000-0000-0000-000000000002','a0000000-0000-0000-0000-000000000001','delivered','2026-03-10',1092.0,2.06,'[]'),
('33333333-0000-0000-0000-000000000003','SH-20260308-0003','11111111-0000-0000-0000-000000000013','d0000000-0000-0000-0000-000000000006','a0000000-0000-0000-0000-000000000001','delivered','2026-03-10',316.0,0.54,'[]'),
('33333333-0000-0000-0000-000000000004','SH-20260308-0004','11111111-0000-0000-0000-000000000014','d0000000-0000-0000-0000-000000000007','a0000000-0000-0000-0000-000000000001','delivered','2026-03-10',438.0,0.70,'[]'),
('33333333-0000-0000-0000-000000000005','SH-20260309-0001','11111111-0000-0000-0000-000000000011','d0000000-0000-0000-0000-000000000004','a0000000-0000-0000-0000-000000000001','delivered','2026-03-11',469.0,0.79,'[]'),
('33333333-0000-0000-0000-000000000006','SH-20260309-0002','11111111-0000-0000-0000-000000000012','d0000000-0000-0000-0000-000000000003','a0000000-0000-0000-0000-000000000001','delivered','2026-03-11',1267.0,2.22,'[]'),
('33333333-0000-0000-0000-000000000007','SH-20260310-0001','11111111-0000-0000-0000-000000000021','d0000000-0000-0000-0000-000000000001','a0000000-0000-0000-0000-000000000001','delivered','2026-03-12',510.0,0.90,'[]'),
('33333333-0000-0000-0000-000000000008','SH-20260310-0002','11111111-0000-0000-0000-000000000022','d0000000-0000-0000-0000-000000000013','a0000000-0000-0000-0000-000000000001','delivered','2026-03-12',1380.0,2.30,'[]'),
('33333333-0000-0000-0000-000000000009','SH-20260310-0003','11111111-0000-0000-0000-000000000023','d0000000-0000-0000-0000-000000000005','a0000000-0000-0000-0000-000000000001','delivered','2026-03-12',735.0,1.26,'[]'),
('33333333-0000-0000-0000-000000000010','SH-20260311-0001','11111111-0000-0000-0000-000000000047','d0000000-0000-0000-0000-000000000008','a0000000-0000-0000-0000-000000000001','delivered','2026-03-13',667.0,1.11,'[]'),
('33333333-0000-0000-0000-000000000011','SH-20260311-0002','11111111-0000-0000-0000-000000000048','d0000000-0000-0000-0000-000000000010','a0000000-0000-0000-0000-000000000001','delivered','2026-03-13',782.0,1.32,'[]'),
-- Shipments đang giao hôm nay (5 shipped)
('33333333-0000-0000-0000-000000000012','SH-20260312-0001','11111111-0000-0000-0000-000000000027','d0000000-0000-0000-0000-000000000001','a0000000-0000-0000-0000-000000000001','in_transit','2026-03-14',870.0,1.43,'[]'),
('33333333-0000-0000-0000-000000000013','SH-20260312-0002','11111111-0000-0000-0000-000000000028','d0000000-0000-0000-0000-000000000002','a0000000-0000-0000-0000-000000000001','in_transit','2026-03-14',694.0,1.19,'[]'),
('33333333-0000-0000-0000-000000000014','SH-20260312-0003','11111111-0000-0000-0000-000000000029','d0000000-0000-0000-0000-000000000013','a0000000-0000-0000-0000-000000000001','in_transit','2026-03-14',1530.0,2.55,'[]'),
('33333333-0000-0000-0000-000000000015','SH-20260312-0004','11111111-0000-0000-0000-000000000030','d0000000-0000-0000-0000-000000000016','a0000000-0000-0000-0000-000000000001','in_transit','2026-03-14',340.0,0.60,'[]'),
('33333333-0000-0000-0000-000000000016','SH-20260313-0006','11111111-0000-0000-0000-000000000031','d0000000-0000-0000-0000-000000000017','a0000000-0000-0000-0000-000000000001','in_transit','2026-03-14',437.0,0.75,'[]'),
-- Shipments pending 15/03 (10 confirmed)
('33333333-0000-0000-0000-000000000020','SH-20260313-0001','11111111-0000-0000-0000-000000000032','d0000000-0000-0000-0000-000000000004','a0000000-0000-0000-0000-000000000001','pending','2026-03-15',819.0,1.38,'[]'),
('33333333-0000-0000-0000-000000000021','SH-20260313-0002','11111111-0000-0000-0000-000000000033','d0000000-0000-0000-0000-000000000011','a0000000-0000-0000-0000-000000000001','pending','2026-03-15',356.0,0.60,'[]'),
('33333333-0000-0000-0000-000000000022','SH-20260313-0003','11111111-0000-0000-0000-000000000034','d0000000-0000-0000-0000-000000000005','a0000000-0000-0000-0000-000000000001','pending','2026-03-15',1040.0,1.73,'[]'),
('33333333-0000-0000-0000-000000000023','SH-20260313-0004','11111111-0000-0000-0000-000000000035','d0000000-0000-0000-0000-000000000012','a0000000-0000-0000-0000-000000000001','pending','2026-03-15',453.0,0.76,'[]'),
('33333333-0000-0000-0000-000000000024','SH-20260313-0005','11111111-0000-0000-0000-000000000036','d0000000-0000-0000-0000-000000000001','a0000000-0000-0000-0000-000000000001','pending','2026-03-15',505.0,0.84,'[]'),
('33333333-0000-0000-0000-000000000025','SH-20260314-0001','11111111-0000-0000-0000-000000000037','d0000000-0000-0000-0000-000000000002','a0000000-0000-0000-0000-000000000001','pending','2026-03-15',614.0,1.04,'[]'),
('33333333-0000-0000-0000-000000000026','SH-20260314-0004','11111111-0000-0000-0000-000000000038','d0000000-0000-0000-0000-000000000006','a0000000-0000-0000-0000-000000000001','pending','2026-03-15',397.0,0.67,'[]'),
('33333333-0000-0000-0000-000000000027','SH-20260314-0005','11111111-0000-0000-0000-000000000039','d0000000-0000-0000-0000-000000000007','a0000000-0000-0000-0000-000000000001','pending','2026-03-15',340.0,0.57,'[]'),
('33333333-0000-0000-0000-000000000028','SH-20260314-0006','11111111-0000-0000-0000-000000000040','d0000000-0000-0000-0000-000000000018','a0000000-0000-0000-0000-000000000001','pending','2026-03-15',459.0,0.77,'[]'),
('33333333-0000-0000-0000-000000000029','SH-20260314-0007','11111111-0000-0000-0000-000000000041','d0000000-0000-0000-0000-000000000019','a0000000-0000-0000-0000-000000000001','pending','2026-03-15',280.0,0.47,'[]');

-- ============================================================
-- TRIPS + TRIP STOPS
-- ============================================================
-- Trip 1: 10/03 – Tuyến Hạ Long (completed)
INSERT INTO trips VALUES ('44444444-0000-0000-0000-000000000001','TR-20260310-001','a0000000-0000-0000-0000-000000000001','e0000000-0000-0000-0000-000000000005','f0000000-0000-0000-0000-000000000001','completed','2026-03-10',4,2526.0,32.5,95,'2026-03-10 07:30:00+07','2026-03-10 16:45:00+07','2026-03-09 17:00:00+07','2026-03-10 16:45:00+07');
INSERT INTO trip_stops (id,trip_id,shipment_id,customer_id,stop_order,status,estimated_arrival,actual_arrival,actual_departure,distance_from_prev_km,cumulative_load_kg) VALUES
('55555555-0000-0000-0000-000000000001','44444444-0000-0000-0000-000000000001','33333333-0000-0000-0000-000000000001','d0000000-0000-0000-0000-000000000001',1,'delivered','2026-03-10 08:30:00+07','2026-03-10 08:25:00+07','2026-03-10 09:15:00+07',5.2,680.0),
('55555555-0000-0000-0000-000000000002','44444444-0000-0000-0000-000000000001','33333333-0000-0000-0000-000000000002','d0000000-0000-0000-0000-000000000002',2,'delivered','2026-03-10 09:45:00+07','2026-03-10 09:50:00+07','2026-03-10 10:40:00+07',4.5,1772.0),
('55555555-0000-0000-0000-000000000003','44444444-0000-0000-0000-000000000001','33333333-0000-0000-0000-000000000003','d0000000-0000-0000-0000-000000000006',3,'delivered','2026-03-10 12:30:00+07','2026-03-10 12:40:00+07','2026-03-10 13:20:00+07',10.3,2088.0),
('55555555-0000-0000-0000-000000000004','44444444-0000-0000-0000-000000000001','33333333-0000-0000-0000-000000000004','d0000000-0000-0000-0000-000000000007',4,'delivered','2026-03-10 14:00:00+07','2026-03-10 14:10:00+07','2026-03-10 14:50:00+07',12.5,2526.0);

-- Trip 2: 11/03 – Tuyến Cẩm Phả - Uông Bí (completed)
INSERT INTO trips VALUES ('44444444-0000-0000-0000-000000000002','TR-20260311-001','a0000000-0000-0000-0000-000000000001','e0000000-0000-0000-0000-000000000003','f0000000-0000-0000-0000-000000000003','completed','2026-03-11',2,1736.0,85.6,140,'2026-03-11 06:30:00+07','2026-03-11 16:00:00+07','2026-03-10 17:00:00+07','2026-03-11 16:00:00+07');
INSERT INTO trip_stops (id,trip_id,shipment_id,customer_id,stop_order,status,estimated_arrival,actual_arrival,actual_departure,distance_from_prev_km,cumulative_load_kg) VALUES
('55555555-0000-0000-0000-000000000005','44444444-0000-0000-0000-000000000002','33333333-0000-0000-0000-000000000006','d0000000-0000-0000-0000-000000000003',1,'delivered','2026-03-11 08:00:00+07','2026-03-11 08:10:00+07','2026-03-11 09:30:00+07',32.5,1267.0),
('55555555-0000-0000-0000-000000000006','44444444-0000-0000-0000-000000000002','33333333-0000-0000-0000-000000000005','d0000000-0000-0000-0000-000000000004',2,'delivered','2026-03-11 11:00:00+07','2026-03-11 11:20:00+07','2026-03-11 12:30:00+07',53.1,1736.0);

-- Trip 3: 12/03 – Tuyến Hạ Long - Móng Cái (completed)
INSERT INTO trips VALUES ('44444444-0000-0000-0000-000000000003','TR-20260312-001','a0000000-0000-0000-0000-000000000001','e0000000-0000-0000-0000-000000000009','f0000000-0000-0000-0000-000000000005','completed','2026-03-12',3,2625.0,118.5,195,'2026-03-12 06:00:00+07','2026-03-12 17:00:00+07','2026-03-11 17:00:00+07','2026-03-12 17:00:00+07');
INSERT INTO trip_stops (id,trip_id,shipment_id,customer_id,stop_order,status,estimated_arrival,actual_arrival,actual_departure,distance_from_prev_km,cumulative_load_kg) VALUES
('55555555-0000-0000-0000-000000000007','44444444-0000-0000-0000-000000000003','33333333-0000-0000-0000-000000000007','d0000000-0000-0000-0000-000000000001',1,'delivered','2026-03-12 07:30:00+07','2026-03-12 07:25:00+07','2026-03-12 08:15:00+07',5.2,510.0),
('55555555-0000-0000-0000-000000000008','44444444-0000-0000-0000-000000000003','33333333-0000-0000-0000-000000000008','d0000000-0000-0000-0000-000000000013',2,'delivered','2026-03-12 08:45:00+07','2026-03-12 08:50:00+07','2026-03-12 10:00:00+07',3.5,1890.0),
('55555555-0000-0000-0000-000000000009','44444444-0000-0000-0000-000000000003','33333333-0000-0000-0000-000000000009','d0000000-0000-0000-0000-000000000005',3,'delivered','2026-03-12 14:00:00+07','2026-03-12 14:30:00+07','2026-03-12 15:30:00+07',109.8,2625.0);

-- Trip 4: 13/03 – Tuyến HP nội thành (completed)
INSERT INTO trips VALUES ('44444444-0000-0000-0000-000000000004','TR-20260313-001','a0000000-0000-0000-0000-000000000001','e0000000-0000-0000-0000-000000000004','f0000000-0000-0000-0000-000000000004','completed','2026-03-13',2,1449.0,25.0,65,'2026-03-13 07:00:00+07','2026-03-13 16:00:00+07','2026-03-12 17:00:00+07','2026-03-13 16:00:00+07');
INSERT INTO trip_stops (id,trip_id,shipment_id,customer_id,stop_order,status,estimated_arrival,actual_arrival,actual_departure,distance_from_prev_km,cumulative_load_kg) VALUES
('55555555-0000-0000-0000-000000000010','44444444-0000-0000-0000-000000000004','33333333-0000-0000-0000-000000000010','d0000000-0000-0000-0000-000000000008',1,'delivered','2026-03-13 09:00:00+07','2026-03-13 09:10:00+07','2026-03-13 10:00:00+07',12.0,667.0),
('55555555-0000-0000-0000-000000000011','44444444-0000-0000-0000-000000000004','33333333-0000-0000-0000-000000000011','d0000000-0000-0000-0000-000000000010',2,'delivered','2026-03-13 10:30:00+07','2026-03-13 10:40:00+07','2026-03-13 11:30:00+07',13.0,1449.0);

-- Trip 5: 14/03 – Hôm nay – đang giao (in_transit)
INSERT INTO trips VALUES ('44444444-0000-0000-0000-000000000005','TR-20260314-001','a0000000-0000-0000-0000-000000000001','e0000000-0000-0000-0000-000000000005','f0000000-0000-0000-0000-000000000001','in_transit','2026-03-14',5,3871.0,28.5,90,'2026-03-14 07:30:00+07',NULL,'2026-03-13 17:00:00+07','2026-03-14 07:30:00+07');
INSERT INTO trip_stops (id,trip_id,shipment_id,customer_id,stop_order,status,estimated_arrival,actual_arrival,actual_departure,distance_from_prev_km,cumulative_load_kg) VALUES
('55555555-0000-0000-0000-000000000012','44444444-0000-0000-0000-000000000005','33333333-0000-0000-0000-000000000012','d0000000-0000-0000-0000-000000000001',1,'delivered','2026-03-14 08:15:00+07','2026-03-14 08:10:00+07','2026-03-14 09:00:00+07',5.2,870.0),
('55555555-0000-0000-0000-000000000013','44444444-0000-0000-0000-000000000005','33333333-0000-0000-0000-000000000013','d0000000-0000-0000-0000-000000000002',2,'delivering','2026-03-14 09:30:00+07','2026-03-14 09:35:00+07',NULL,4.5,1564.0),
('55555555-0000-0000-0000-000000000014','44444444-0000-0000-0000-000000000005','33333333-0000-0000-0000-000000000014','d0000000-0000-0000-0000-000000000013',3,'pending','2026-03-14 10:30:00+07',NULL,NULL,3.5,3094.0),
('55555555-0000-0000-0000-000000000015','44444444-0000-0000-0000-000000000005','33333333-0000-0000-0000-000000000015','d0000000-0000-0000-0000-000000000016',4,'pending','2026-03-14 11:30:00+07',NULL,NULL,3.0,3434.0),
('55555555-0000-0000-0000-000000000016','44444444-0000-0000-0000-000000000005','33333333-0000-0000-0000-000000000016','d0000000-0000-0000-0000-000000000017',5,'pending','2026-03-14 12:30:00+07',NULL,NULL,12.3,3871.0);

-- Trip 6: 14/03 – chuyến 2 hôm nay (in_transit – tuyến xa)
INSERT INTO trips VALUES ('44444444-0000-0000-0000-000000000006','TR-20260314-002','a0000000-0000-0000-0000-000000000001','e0000000-0000-0000-0000-000000000009','f0000000-0000-0000-0000-000000000005','in_transit','2026-03-14',0,0,0,0,'2026-03-14 06:00:00+07',NULL,'2026-03-13 17:00:00+07','2026-03-14 06:00:00+07');

-- ============================================================
-- CẬP NHẬT TỒN KHO (reserved cho đơn shipped + confirmed)
-- ============================================================
UPDATE stock_quants SET reserved_qty = 680 WHERE product_id='c0000000-0000-0000-0000-000000000001' AND warehouse_id='a0000000-0000-0000-0000-000000000001';
UPDATE stock_quants SET reserved_qty = 200 WHERE product_id='c0000000-0000-0000-0000-000000000002' AND warehouse_id='a0000000-0000-0000-0000-000000000001';
UPDATE stock_quants SET reserved_qty = 145 WHERE product_id='c0000000-0000-0000-0000-000000000003' AND warehouse_id='a0000000-0000-0000-0000-000000000001';
UPDATE stock_quants SET reserved_qty = 70  WHERE product_id='c0000000-0000-0000-0000-000000000004' AND warehouse_id='a0000000-0000-0000-0000-000000000001';
UPDATE stock_quants SET reserved_qty = 290 WHERE product_id='c0000000-0000-0000-0000-000000000005' AND warehouse_id='a0000000-0000-0000-0000-000000000001';
UPDATE stock_quants SET reserved_qty = 50  WHERE product_id='c0000000-0000-0000-0000-000000000006' AND warehouse_id='a0000000-0000-0000-0000-000000000001';
UPDATE stock_quants SET reserved_qty = 13  WHERE product_id='c0000000-0000-0000-0000-000000000007' AND warehouse_id='a0000000-0000-0000-0000-000000000001';
UPDATE stock_quants SET reserved_qty = 100 WHERE product_id='c0000000-0000-0000-0000-000000000008' AND warehouse_id='a0000000-0000-0000-0000-000000000001';
UPDATE stock_quants SET reserved_qty = 68  WHERE product_id='c0000000-0000-0000-0000-000000000009' AND warehouse_id='a0000000-0000-0000-0000-000000000001';
UPDATE stock_quants SET reserved_qty = 25  WHERE product_id='c0000000-0000-0000-0000-000000000010' AND warehouse_id='a0000000-0000-0000-0000-000000000001';
UPDATE stock_quants SET reserved_qty = 8   WHERE product_id='c0000000-0000-0000-0000-000000000011' AND warehouse_id='a0000000-0000-0000-0000-000000000001';
UPDATE stock_quants SET reserved_qty = 55  WHERE product_id='c0000000-0000-0000-0000-000000000012' AND warehouse_id='a0000000-0000-0000-0000-000000000001';
UPDATE stock_quants SET reserved_qty = 0   WHERE product_id='c0000000-0000-0000-0000-000000000013' AND warehouse_id='a0000000-0000-0000-0000-000000000001';
UPDATE stock_quants SET reserved_qty = 95  WHERE product_id='c0000000-0000-0000-0000-000000000014' AND warehouse_id='a0000000-0000-0000-0000-000000000001';
UPDATE stock_quants SET reserved_qty = 78  WHERE product_id='c0000000-0000-0000-0000-000000000015' AND warehouse_id='a0000000-0000-0000-0000-000000000001';

-- ============================================================
-- THÊM CÔNG NỢ TỪ CÁC ĐƠN ĐÃ GIAO
-- ============================================================
INSERT INTO receivable_ledger (customer_id,order_id,ledger_type,amount,description) VALUES
('d0000000-0000-0000-0000-000000000001','11111111-0000-0000-0000-000000000009','debit',28750000,'Giao hàng SO-20260308-0001 (10/03)'),
('d0000000-0000-0000-0000-000000000002','11111111-0000-0000-0000-000000000010','debit',45650000,'Giao hàng SO-20260308-0002 (10/03)'),
('d0000000-0000-0000-0000-000000000004','11111111-0000-0000-0000-000000000011','debit',19600000,'Giao hàng SO-20260309-0001 (11/03)'),
('d0000000-0000-0000-0000-000000000003','11111111-0000-0000-0000-000000000012','debit',52325000,'Giao hàng SO-20260309-0002 (11/03)'),
('d0000000-0000-0000-0000-000000000006','11111111-0000-0000-0000-000000000013','debit',13200000,'Giao hàng SO-20260308-0003 (10/03)'),
('d0000000-0000-0000-0000-000000000007','11111111-0000-0000-0000-000000000014','debit',16875000,'Giao hàng SO-20260308-0004 (10/03)'),
('d0000000-0000-0000-0000-000000000001','11111111-0000-0000-0000-000000000021','debit',22200000,'Giao hàng SO-20260310-0001 (12/03)'),
('d0000000-0000-0000-0000-000000000013','11111111-0000-0000-0000-000000000022','debit',57500000,'Giao hàng SO-20260310-0002 (12/03)'),
('d0000000-0000-0000-0000-000000000005','11111111-0000-0000-0000-000000000023','debit',31050000,'Giao hàng SO-20260310-0003 (12/03)'),
('d0000000-0000-0000-0000-000000000008','11111111-0000-0000-0000-000000000047','debit',27800000,'Giao hàng SO-20260311-0002 (13/03)'),
('d0000000-0000-0000-0000-000000000010','11111111-0000-0000-0000-000000000048','debit',33200000,'Giao hàng SO-20260311-0003 (13/03)'),
-- Một số thanh toán (credit) cho thực tế
('d0000000-0000-0000-0000-000000000001',NULL,'credit',50000000,'Thanh toán chuyển khoản 06/03'),
('d0000000-0000-0000-0000-000000000002',NULL,'credit',80000000,'Thanh toán tiền mặt 10/03'),
('d0000000-0000-0000-0000-000000000003',NULL,'credit',100000000,'Thanh toán chuyển khoản 08/03'),
('d0000000-0000-0000-0000-000000000005',NULL,'credit',40000000,'Thanh toán chuyển khoản 11/03'),
('d0000000-0000-0000-0000-000000000008',NULL,'credit',60000000,'Thanh toán tiền mặt 12/03');
