-- BHL OMS-TMS-WMS Demo Seed Data
-- Realistic data for Công ty CP Bia và Nước giải khát Hạ Long

-- ===== WAREHOUSES =====
INSERT INTO warehouses (id, name, code, latitude, longitude, address) VALUES
('a0000000-0000-0000-0000-000000000001', 'Kho Hạ Long', 'WH-HL', 20.9517, 107.0748, 'KCN Cái Lân, TP Hạ Long, Quảng Ninh'),
('a0000000-0000-0000-0000-000000000002', 'Kho Hải Phòng', 'WH-HP', 20.8449, 106.6881, 'KCN Đình Vũ, Hải An, Hải Phòng')
ON CONFLICT DO NOTHING;

-- Warehouse locations (bins) for stock_quants
INSERT INTO warehouses (id, name, code, path, latitude, longitude) VALUES
('a0000000-0000-0000-0000-000000000011', 'Khu A - Bia lon', 'WH-HL-A', 'wh_hl.zone_a', 20.9517, 107.0748),
('a0000000-0000-0000-0000-000000000012', 'Khu B - Bia chai', 'WH-HL-B', 'wh_hl.zone_b', 20.9517, 107.0748)
ON CONFLICT DO NOTHING;

-- ===== USERS (password: demo123 → bcrypt cost 10) =====
-- bcrypt hash of "demo123"
INSERT INTO users (id, username, password_hash, full_name, role, permissions, warehouse_ids) VALUES
('b0000000-0000-0000-0000-000000000001', 'admin', '$2a$10$JoEl4RXE/c/cvSPQTy01ceDBSF6dy/3UsCcDh2vWD8gll0EFy7WlK', 'Admin Hệ thống', 'admin', ARRAY['*'], ARRAY['a0000000-0000-0000-0000-000000000001', 'a0000000-0000-0000-0000-000000000002']::uuid[]),
('b0000000-0000-0000-0000-000000000002', 'dvkh01', '$2a$10$JoEl4RXE/c/cvSPQTy01ceDBSF6dy/3UsCcDh2vWD8gll0EFy7WlK', 'Nguyễn Thị Hoa', 'dvkh', ARRAY['order:create', 'order:view', 'customer:view', 'product:view'], ARRAY['a0000000-0000-0000-0000-000000000001']::uuid[]),
('b0000000-0000-0000-0000-000000000003', 'dispatcher01', '$2a$10$JoEl4RXE/c/cvSPQTy01ceDBSF6dy/3UsCcDh2vWD8gll0EFy7WlK', 'Trần Văn Minh', 'dispatcher', ARRAY['order:create', 'order:view', 'planning:run', 'planning:approve', 'trip:view', 'trip:assign'], ARRAY['a0000000-0000-0000-0000-000000000001']::uuid[]),
('b0000000-0000-0000-0000-000000000004', 'accountant01', '$2a$10$JoEl4RXE/c/cvSPQTy01ceDBSF6dy/3UsCcDh2vWD8gll0EFy7WlK', 'Lê Thị Mai', 'accountant', ARRAY['order:view', 'order:approve', 'payment:view', 'report:view'], ARRAY['a0000000-0000-0000-0000-000000000001']::uuid[]),
('b0000000-0000-0000-0000-000000000005', 'driver01', '$2a$10$JoEl4RXE/c/cvSPQTy01ceDBSF6dy/3UsCcDh2vWD8gll0EFy7WlK', 'Phạm Văn Đức', 'driver', ARRAY['trip:view', 'epod:create'], ARRAY['a0000000-0000-0000-0000-000000000001']::uuid[]),
('b0000000-0000-0000-0000-000000000006', 'driver02', '$2a$10$JoEl4RXE/c/cvSPQTy01ceDBSF6dy/3UsCcDh2vWD8gll0EFy7WlK', 'Nguyễn Văn Hùng', 'driver', ARRAY['trip:view', 'epod:create'], ARRAY['a0000000-0000-0000-0000-000000000001']::uuid[]),
('b0000000-0000-0000-0000-000000000007', 'driver03', '$2a$10$JoEl4RXE/c/cvSPQTy01ceDBSF6dy/3UsCcDh2vWD8gll0EFy7WlK', 'Trần Văn Toàn', 'driver', ARRAY['trip:view', 'epod:create'], ARRAY['a0000000-0000-0000-0000-000000000001']::uuid[]),
('b0000000-0000-0000-0000-000000000008', 'driver04', '$2a$10$JoEl4RXE/c/cvSPQTy01ceDBSF6dy/3UsCcDh2vWD8gll0EFy7WlK', 'Lê Văn Dũng', 'driver', ARRAY['trip:view', 'epod:create'], ARRAY['a0000000-0000-0000-0000-000000000001']::uuid[]),
('b0000000-0000-0000-0000-000000000009', 'driver05', '$2a$10$JoEl4RXE/c/cvSPQTy01ceDBSF6dy/3UsCcDh2vWD8gll0EFy7WlK', 'Hoàng Văn Thắng', 'driver', ARRAY['trip:view', 'epod:create'], ARRAY['a0000000-0000-0000-0000-000000000001']::uuid[]),
('b0000000-0000-0000-0000-000000000010', 'driver06', '$2a$10$JoEl4RXE/c/cvSPQTy01ceDBSF6dy/3UsCcDh2vWD8gll0EFy7WlK', 'Vũ Văn Long', 'driver', ARRAY['trip:view', 'epod:create'], ARRAY['a0000000-0000-0000-0000-000000000002']::uuid[]),
('b0000000-0000-0000-0000-000000000011', 'driver07', '$2a$10$JoEl4RXE/c/cvSPQTy01ceDBSF6dy/3UsCcDh2vWD8gll0EFy7WlK', 'Đỗ Văn Mạnh', 'driver', ARRAY['trip:view', 'epod:create'], ARRAY['a0000000-0000-0000-0000-000000000002']::uuid[]),
('b0000000-0000-0000-0000-000000000012', 'driver08', '$2a$10$JoEl4RXE/c/cvSPQTy01ceDBSF6dy/3UsCcDh2vWD8gll0EFy7WlK', 'Bùi Văn Sáng', 'driver', ARRAY['trip:view', 'epod:create'], ARRAY['a0000000-0000-0000-0000-000000000002']::uuid[]),
('b0000000-0000-0000-0000-000000000013', 'manager01', '$2a$10$JoEl4RXE/c/cvSPQTy01ceDBSF6dy/3UsCcDh2vWD8gll0EFy7WlK', 'Trưởng phòng KD', 'admin', ARRAY['*'], ARRAY['a0000000-0000-0000-0000-000000000001']::uuid[])
ON CONFLICT DO NOTHING;

-- ===== PRODUCTS (Bia Hạ Long) =====
INSERT INTO products (id, sku, name, unit, weight_kg, volume_m3, price, deposit_price, category) VALUES
('c0000000-0000-0000-0000-000000000001', 'BHL-LON-330', 'Bia Hạ Long Lon 330ml (thùng 24)', 'thùng', 8.50, 0.015, 185000, 5000, 'Bia lon'),
('c0000000-0000-0000-0000-000000000002', 'BHL-LON-500', 'Bia Hạ Long Lon 500ml (thùng 24)', 'thùng', 12.80, 0.020, 245000, 5000, 'Bia lon'),
('c0000000-0000-0000-0000-000000000003', 'BHL-CHAI-450', 'Bia Hạ Long Chai 450ml (két 20)', 'két', 14.00, 0.025, 195000, 40000, 'Bia chai'),
('c0000000-0000-0000-0000-000000000004', 'BHL-CHAI-640', 'Bia Hạ Long Chai 640ml (két 12)', 'két', 12.50, 0.022, 175000, 40000, 'Bia chai'),
('c0000000-0000-0000-0000-000000000005', 'BHL-GOLD-330', 'Bia Hạ Long Gold Lon 330ml (thùng 24)', 'thùng', 8.50, 0.015, 225000, 5000, 'Bia lon cao cấp'),
('c0000000-0000-0000-0000-000000000006', 'BHL-GOLD-500', 'Bia Hạ Long Gold Lon 500ml (thùng 12)', 'thùng', 6.50, 0.012, 155000, 5000, 'Bia lon cao cấp'),
('c0000000-0000-0000-0000-000000000007', 'BHL-DRAFT-30', 'Bia Hạ Long Draft Keg 30L', 'keg', 32.00, 0.035, 650000, 200000, 'Bia tươi'),
('c0000000-0000-0000-0000-000000000008', 'BHL-DARK-330', 'Bia Hạ Long Dark Lon 330ml (thùng 24)', 'thùng', 8.50, 0.015, 205000, 5000, 'Bia đen'),
('c0000000-0000-0000-0000-000000000009', 'NGK-CHANH-330', 'Nước Giải Khát Chanh 330ml (thùng 24)', 'thùng', 8.20, 0.015, 125000, 3000, 'Nước giải khát'),
('c0000000-0000-0000-0000-000000000010', 'NGK-CAM-330', 'Nước Giải Khát Cam 330ml (thùng 24)', 'thùng', 8.20, 0.015, 125000, 3000, 'Nước giải khát'),
('c0000000-0000-0000-0000-000000000011', 'BHL-LON-330-6', 'Bia Hạ Long Lon 330ml (lốc 6)', 'lốc', 2.20, 0.004, 48000, 0, 'Bia lon'),
('c0000000-0000-0000-0000-000000000012', 'BHL-EXPORT-330', 'Bia Hạ Long Export Lon 330ml (thùng 24)', 'thùng', 8.50, 0.015, 210000, 5000, 'Bia lon xuất khẩu'),
('c0000000-0000-0000-0000-000000000013', 'BHL-LAGER-500', 'Bia Hạ Long Lager Lon 500ml (thùng 24)', 'thùng', 12.80, 0.020, 265000, 5000, 'Bia lon'),
('c0000000-0000-0000-0000-000000000014', 'NGK-DA-500', 'Nước Khoáng Đá 500ml (thùng 24)', 'thùng', 12.50, 0.018, 75000, 0, 'Nước khoáng'),
('c0000000-0000-0000-0000-000000000015', 'BHL-STRONG-330', 'Bia Hạ Long Strong 8% Lon 330ml (thùng 24)', 'thùng', 8.50, 0.015, 235000, 5000, 'Bia mạnh')
ON CONFLICT DO NOTHING;

-- ===== CUSTOMERS (NPP vùng Quảng Ninh + Hải Phòng) =====
INSERT INTO customers (id, code, name, address, phone, latitude, longitude, province, district, route_code) VALUES
('d0000000-0000-0000-0000-000000000001', 'NPP-001', 'NPP Bãi Cháy - Anh Tuấn', '45 Vuon Dao, Bãi Cháy, Hạ Long, QN', '0912345001', 20.9590, 107.0480, 'Quảng Ninh', 'Bãi Cháy', 'R01'),
('d0000000-0000-0000-0000-000000000002', 'NPP-002', 'NPP Hòn Gai - Chị Lan', '12 Trần Hưng Đạo, Hòn Gai, Hạ Long, QN', '0912345002', 20.9550, 107.0860, 'Quảng Ninh', 'Hòn Gai', 'R01'),
('d0000000-0000-0000-0000-000000000003', 'NPP-003', 'NPP Uông Bí - CTY Hoàng Long', '78 Quang Trung, Uông Bí, QN', '0912345003', 21.0360, 106.7640, 'Quảng Ninh', 'Uông Bí', 'R02'),
('d0000000-0000-0000-0000-000000000004', 'NPP-004', 'NPP Cẩm Phả - Anh Hùng', '23 Trần Phú, Cẩm Phả, QN', '0912345004', 21.0130, 107.3010, 'Quảng Ninh', 'Cẩm Phả', 'R03'),
('d0000000-0000-0000-0000-000000000005', 'NPP-005', 'NPP Móng Cái - Chị Hương', '56 Hữu Nghị, Móng Cái, QN', '0912345005', 21.5280, 107.9650, 'Quảng Ninh', 'Móng Cái', 'R04'),
('d0000000-0000-0000-0000-000000000006', 'NPP-006', 'NPP Đông Triều - Anh Nam', '34 Lê Lợi, Đông Triều, QN', '0912345006', 21.0800, 106.5000, 'Quảng Ninh', 'Đông Triều', 'R02'),
('d0000000-0000-0000-0000-000000000007', 'NPP-007', 'NPP Quảng Yên - CTY Minh Đức', '67 Nguyễn Trãi, Quảng Yên, QN', '0912345007', 20.9330, 106.8030, 'Quảng Ninh', 'Quảng Yên', 'R02'),
('d0000000-0000-0000-0000-000000000008', 'NPP-008', 'NPP Hải An - Anh Cường', '89 Lê Hồng Phong, Hải An, HP', '0912345008', 20.8350, 106.7240, 'Hải Phòng', 'Hải An', 'R05'),
('d0000000-0000-0000-0000-000000000009', 'NPP-009', 'NPP Kiến An - Chị Thảo', '12 Trần Nhân Tông, Kiến An, HP', '0912345009', 20.8150, 106.6200, 'Hải Phòng', 'Kiến An', 'R05'),
('d0000000-0000-0000-0000-000000000010', 'NPP-010', 'NPP Lê Chân - CTY Phú Hưng', '45 Tô Hiệu, Lê Chân, HP', '0912345010', 20.8510, 106.6750, 'Hải Phòng', 'Lê Chân', 'R05'),
('d0000000-0000-0000-0000-000000000011', 'NPP-011', 'NPP Vân Đồn - Anh Sơn', '23 Hạ Long, Vân Đồn, QN', '0912345011', 20.9100, 107.4200, 'Quảng Ninh', 'Vân Đồn', 'R03'),
('d0000000-0000-0000-0000-000000000012', 'NPP-012', 'NPP Tiên Yên - Chị Nhung', '56 Nguyễn Huệ, Tiên Yên, QN', '0912345012', 21.3310, 107.4030, 'Quảng Ninh', 'Tiên Yên', 'R04'),
('d0000000-0000-0000-0000-000000000013', 'NPP-013', 'NPP Hạ Long Center - Anh Bình', '100 Lê Thánh Tông, Hạ Long, QN', '0912345013', 20.9480, 107.0700, 'Quảng Ninh', 'Hạ Long', 'R01'),
('d0000000-0000-0000-0000-000000000014', 'NPP-014', 'NPP Đồ Sơn - CTY Biển Xanh', '34 An Dương Vương, Đồ Sơn, HP', '0912345014', 20.7100, 106.7800, 'Hải Phòng', 'Đồ Sơn', 'R06'),
('d0000000-0000-0000-0000-000000000015', 'NPP-015', 'NPP Thuỷ Nguyên - Anh Hải', '78 Bạch Đằng, Thuỷ Nguyên, HP', '0912345015', 20.9200, 106.7100, 'Hải Phòng', 'Thuỷ Nguyên', 'R06')
ON CONFLICT DO NOTHING;

-- ===== CREDIT LIMITS =====
INSERT INTO credit_limits (customer_id, credit_limit) VALUES
('d0000000-0000-0000-0000-000000000001', 300000000),
('d0000000-0000-0000-0000-000000000002', 400000000),
('d0000000-0000-0000-0000-000000000003', 500000000),
('d0000000-0000-0000-0000-000000000004', 350000000),
('d0000000-0000-0000-0000-000000000005', 600000000),
('d0000000-0000-0000-0000-000000000006', 250000000),
('d0000000-0000-0000-0000-000000000007', 300000000),
('d0000000-0000-0000-0000-000000000008', 450000000),
('d0000000-0000-0000-0000-000000000009', 200000000),
('d0000000-0000-0000-0000-000000000010', 500000000),
('d0000000-0000-0000-0000-000000000011', 250000000),
('d0000000-0000-0000-0000-000000000012', 300000000),
('d0000000-0000-0000-0000-000000000013', 800000000),
('d0000000-0000-0000-0000-000000000014', 350000000),
('d0000000-0000-0000-0000-000000000015', 400000000)
ON CONFLICT DO NOTHING;

-- ===== VEHICLES =====
INSERT INTO vehicles (id, plate_number, vehicle_type, capacity_kg, capacity_m3, warehouse_id) VALUES
('e0000000-0000-0000-0000-000000000001', '14C-12345', 'truck_3t5', 3500, 12, 'a0000000-0000-0000-0000-000000000001'),
('e0000000-0000-0000-0000-000000000002', '14C-12346', 'truck_3t5', 3500, 12, 'a0000000-0000-0000-0000-000000000001'),
('e0000000-0000-0000-0000-000000000003', '14C-23456', 'truck_5t', 5000, 18, 'a0000000-0000-0000-0000-000000000001'),
('e0000000-0000-0000-0000-000000000004', '14C-23457', 'truck_5t', 5000, 18, 'a0000000-0000-0000-0000-000000000001'),
('e0000000-0000-0000-0000-000000000005', '14C-34567', 'truck_8t', 8000, 28, 'a0000000-0000-0000-0000-000000000001'),
('e0000000-0000-0000-0000-000000000006', '15C-11111', 'truck_3t5', 3500, 12, 'a0000000-0000-0000-0000-000000000002'),
('e0000000-0000-0000-0000-000000000007', '15C-22222', 'truck_5t', 5000, 18, 'a0000000-0000-0000-0000-000000000002'),
('e0000000-0000-0000-0000-000000000008', '15C-33333', 'truck_8t', 8000, 28, 'a0000000-0000-0000-0000-000000000002')
ON CONFLICT DO NOTHING;

-- ===== DRIVERS =====
INSERT INTO drivers (id, user_id, full_name, phone, license_number, warehouse_id) VALUES
('f0000000-0000-0000-0000-000000000001', 'b0000000-0000-0000-0000-000000000005', 'Phạm Văn Đức', '0987654001', 'B2-001234', 'a0000000-0000-0000-0000-000000000001'),
('f0000000-0000-0000-0000-000000000002', 'b0000000-0000-0000-0000-000000000006', 'Nguyễn Văn Hùng', '0987654002', 'B2-001235', 'a0000000-0000-0000-0000-000000000001'),
('f0000000-0000-0000-0000-000000000003', 'b0000000-0000-0000-0000-000000000007', 'Trần Văn Toàn', '0987654003', 'C-005678', 'a0000000-0000-0000-0000-000000000001'),
('f0000000-0000-0000-0000-000000000004', 'b0000000-0000-0000-0000-000000000008', 'Lê Văn Dũng', '0987654004', 'C-005679', 'a0000000-0000-0000-0000-000000000001'),
('f0000000-0000-0000-0000-000000000005', 'b0000000-0000-0000-0000-000000000009', 'Hoàng Văn Thắng', '0987654005', 'C-009012', 'a0000000-0000-0000-0000-000000000001'),
('f0000000-0000-0000-0000-000000000006', 'b0000000-0000-0000-0000-000000000010', 'Vũ Văn Long', '0987654006', 'B2-003456', 'a0000000-0000-0000-0000-000000000002'),
('f0000000-0000-0000-0000-000000000007', 'b0000000-0000-0000-0000-000000000011', 'Đỗ Văn Mạnh', '0987654007', 'C-007890', 'a0000000-0000-0000-0000-000000000002'),
('f0000000-0000-0000-0000-000000000008', 'b0000000-0000-0000-0000-000000000012', 'Bùi Văn Sáng', '0987654008', 'C-007891', 'a0000000-0000-0000-0000-000000000002')
ON CONFLICT DO NOTHING;

-- ===== LOTS (cho ATP) =====
INSERT INTO lots (id, product_id, batch_number, production_date, expiry_date) VALUES
('10000000-0000-0000-0000-000000000001', 'c0000000-0000-0000-0000-000000000001', 'L20260301-001', '2026-03-01', '2027-03-01'),
('10000000-0000-0000-0000-000000000002', 'c0000000-0000-0000-0000-000000000002', 'L20260301-002', '2026-03-01', '2027-03-01'),
('10000000-0000-0000-0000-000000000003', 'c0000000-0000-0000-0000-000000000003', 'L20260301-003', '2026-03-01', '2027-03-01'),
('10000000-0000-0000-0000-000000000004', 'c0000000-0000-0000-0000-000000000004', 'L20260301-004', '2026-03-01', '2027-03-01'),
('10000000-0000-0000-0000-000000000005', 'c0000000-0000-0000-0000-000000000005', 'L20260301-005', '2026-03-01', '2027-03-01'),
('10000000-0000-0000-0000-000000000006', 'c0000000-0000-0000-0000-000000000006', 'L20260301-006', '2026-03-01', '2027-03-01'),
('10000000-0000-0000-0000-000000000007', 'c0000000-0000-0000-0000-000000000007', 'L20260301-007', '2026-03-01', '2027-03-01'),
('10000000-0000-0000-0000-000000000008', 'c0000000-0000-0000-0000-000000000008', 'L20260301-008', '2026-03-01', '2027-03-01'),
('10000000-0000-0000-0000-000000000009', 'c0000000-0000-0000-0000-000000000009', 'L20260301-009', '2026-03-01', '2027-03-01'),
('10000000-0000-0000-0000-000000000010', 'c0000000-0000-0000-0000-000000000010', 'L20260301-010', '2026-03-01', '2027-03-01'),
('10000000-0000-0000-0000-000000000011', 'c0000000-0000-0000-0000-000000000011', 'L20260301-011', '2026-03-01', '2027-03-01'),
('10000000-0000-0000-0000-000000000012', 'c0000000-0000-0000-0000-000000000012', 'L20260301-012', '2026-03-01', '2027-03-01'),
('10000000-0000-0000-0000-000000000013', 'c0000000-0000-0000-0000-000000000013', 'L20260301-013', '2026-03-01', '2027-03-01'),
('10000000-0000-0000-0000-000000000014', 'c0000000-0000-0000-0000-000000000014', 'L20260301-014', '2026-03-01', '2027-03-01'),
('10000000-0000-0000-0000-000000000015', 'c0000000-0000-0000-0000-000000000015', 'L20260301-015', '2026-03-01', '2027-03-01')
ON CONFLICT DO NOTHING;

-- ===== STOCK QUANTS (Tồn kho Kho Hạ Long) =====
INSERT INTO stock_quants (product_id, lot_id, warehouse_id, location_id, quantity, reserved_qty) VALUES
('c0000000-0000-0000-0000-000000000001', '10000000-0000-0000-0000-000000000001', 'a0000000-0000-0000-0000-000000000001', 'a0000000-0000-0000-0000-000000000011', 2000, 0),
('c0000000-0000-0000-0000-000000000002', '10000000-0000-0000-0000-000000000002', 'a0000000-0000-0000-0000-000000000001', 'a0000000-0000-0000-0000-000000000011', 1500, 0),
('c0000000-0000-0000-0000-000000000003', '10000000-0000-0000-0000-000000000003', 'a0000000-0000-0000-0000-000000000001', 'a0000000-0000-0000-0000-000000000012', 1200, 0),
('c0000000-0000-0000-0000-000000000004', '10000000-0000-0000-0000-000000000004', 'a0000000-0000-0000-0000-000000000001', 'a0000000-0000-0000-0000-000000000012', 800, 0),
('c0000000-0000-0000-0000-000000000005', '10000000-0000-0000-0000-000000000005', 'a0000000-0000-0000-0000-000000000001', 'a0000000-0000-0000-0000-000000000011', 1000, 0),
('c0000000-0000-0000-0000-000000000006', '10000000-0000-0000-0000-000000000006', 'a0000000-0000-0000-0000-000000000001', 'a0000000-0000-0000-0000-000000000011', 600, 0),
('c0000000-0000-0000-0000-000000000007', '10000000-0000-0000-0000-000000000007', 'a0000000-0000-0000-0000-000000000001', 'a0000000-0000-0000-0000-000000000012', 150, 0),
('c0000000-0000-0000-0000-000000000008', '10000000-0000-0000-0000-000000000008', 'a0000000-0000-0000-0000-000000000001', 'a0000000-0000-0000-0000-000000000011', 500, 0),
('c0000000-0000-0000-0000-000000000009', '10000000-0000-0000-0000-000000000009', 'a0000000-0000-0000-0000-000000000001', 'a0000000-0000-0000-0000-000000000011', 900, 0),
('c0000000-0000-0000-0000-000000000010', '10000000-0000-0000-0000-000000000010', 'a0000000-0000-0000-0000-000000000001', 'a0000000-0000-0000-0000-000000000011', 700, 0),
('c0000000-0000-0000-0000-000000000011', '10000000-0000-0000-0000-000000000011', 'a0000000-0000-0000-0000-000000000001', 'a0000000-0000-0000-0000-000000000011', 400, 0),
('c0000000-0000-0000-0000-000000000012', '10000000-0000-0000-0000-000000000012', 'a0000000-0000-0000-0000-000000000001', 'a0000000-0000-0000-0000-000000000011', 550, 0),
('c0000000-0000-0000-0000-000000000013', '10000000-0000-0000-0000-000000000013', 'a0000000-0000-0000-0000-000000000001', 'a0000000-0000-0000-0000-000000000011', 800, 0),
('c0000000-0000-0000-0000-000000000014', '10000000-0000-0000-0000-000000000014', 'a0000000-0000-0000-0000-000000000001', 'a0000000-0000-0000-0000-000000000011', 1800, 0),
('c0000000-0000-0000-0000-000000000015', '10000000-0000-0000-0000-000000000015', 'a0000000-0000-0000-0000-000000000001', 'a0000000-0000-0000-0000-000000000011', 350, 0)
ON CONFLICT DO NOTHING;

-- ===== DELIVERY ROUTES =====
INSERT INTO delivery_routes (code, name, warehouse_id, customer_ids) VALUES
('R01', 'Tuyến Hạ Long nội thành', 'a0000000-0000-0000-0000-000000000001', ARRAY['d0000000-0000-0000-0000-000000000001', 'd0000000-0000-0000-0000-000000000002', 'd0000000-0000-0000-0000-000000000013']::uuid[]),
('R02', 'Tuyến Uông Bí - Đông Triều - Quảng Yên', 'a0000000-0000-0000-0000-000000000001', ARRAY['d0000000-0000-0000-0000-000000000003', 'd0000000-0000-0000-0000-000000000006', 'd0000000-0000-0000-0000-000000000007']::uuid[]),
('R03', 'Tuyến Cẩm Phả - Vân Đồn', 'a0000000-0000-0000-0000-000000000001', ARRAY['d0000000-0000-0000-0000-000000000004', 'd0000000-0000-0000-0000-000000000011']::uuid[]),
('R04', 'Tuyến Tiên Yên - Móng Cái', 'a0000000-0000-0000-0000-000000000001', ARRAY['d0000000-0000-0000-0000-000000000005', 'd0000000-0000-0000-0000-000000000012']::uuid[]),
('R05', 'Tuyến Hải Phòng nội thành', 'a0000000-0000-0000-0000-000000000002', ARRAY['d0000000-0000-0000-0000-000000000008', 'd0000000-0000-0000-0000-000000000009', 'd0000000-0000-0000-0000-000000000010']::uuid[]),
('R06', 'Tuyến Đồ Sơn - Thuỷ Nguyên', 'a0000000-0000-0000-0000-000000000002', ARRAY['d0000000-0000-0000-0000-000000000014', 'd0000000-0000-0000-0000-000000000015']::uuid[])
ON CONFLICT DO NOTHING;

-- ===== RECEIVABLE LEDGER (some existing debts for credit check demo) =====
INSERT INTO receivable_ledger (customer_id, ledger_type, amount, description) VALUES
('d0000000-0000-0000-0000-000000000001', 'debit', 150000000, 'Đơn SO-20260310 - còn nợ'),
('d0000000-0000-0000-0000-000000000002', 'debit', 200000000, 'Đơn SO-20260312 - còn nợ'),
('d0000000-0000-0000-0000-000000000003', 'debit', 480000000, 'Tổng nợ tích lũy - gần hạn mức 500tr'),
('d0000000-0000-0000-0000-000000000005', 'debit', 100000000, 'Đơn SO-20260308 - còn nợ'),
('d0000000-0000-0000-0000-000000000009', 'debit', 190000000, 'Tổng nợ tích lũy - gần hạn mức 200tr'),
('d0000000-0000-0000-0000-000000000013', 'debit', 500000000, 'Tổng nợ tích lũy - SÁT hạn mức')
ON CONFLICT DO NOTHING;
